Gene,Temp37_effect_size,Temp37_fdr
orf19.2615,3.880968303,1.28E-05
orf19.2277,3.395924638,9.06E-07
orf19.1030,3.267029724,0.000351451
orf19.791,2.662763544,0.000281768
orf19.7295,2.628244045,3.39E-05
orf19.1168,2.583326004,3.37E-06
orf19.1093,2.38784348,0.000127261
orf19.7372,2.355562981,1.87E-05
orf19.391,2.330542282,4.01E-06
orf19.5954,2.275814073,8.58E-06
orf19.3345,2.218974602,0.000949876
orf19.3380,2.218970382,3.21E-05
orf19.3794,2.199281525,6.48E-05
orf19.6796,2.064546258,0.000360848
orf19.7386,2.004332597,0.026274409
orf19.1054,1.921169208,0.000133735
orf19.7374,1.914710382,0.000180555
orf19.7521,1.842530344,0.000325938
orf19.1514,1.806135902,0.001150648
orf19.3459,1.777764623,1.18E-05
orf19.5001,1.765971721,0.00036729
orf19.4568,1.658659198,7.10E-05
orf19.4979,1.590713535,0.000251376
orf19.3845,1.545082666,0.001304517
orf19.3631,1.543601715,0.024982586
orf19.3419,1.528754738,0.000217991
orf19.200,1.524498951,0.008059696
orf19.6028,1.506194355,0.001764542
orf19.5380,1.501384948,0.005425953
orf19.5175,1.494311574,0.001269633
orf19.3035,1.472024639,0.000199255
orf19.2222,1.467030203,0.001062847
orf19.6734,1.464423085,0.001675034
orf19.4000,1.453084988,7.23E-05
orf19.5495,1.448476458,1.70E-05
orf19.4752,1.415221159,0.000188077
orf19.5599,1.381881942,0.001237127
orf19.868,1.379869618,5.88E-05
orf19.2823,1.377156743,0.002406716
orf19.3417,1.334959077,0.005826985
orf19.2545,1.293304655,0.000811928
orf19.6514,1.291758352,0.000359006
orf19.4575,1.272322556,0.002100193
orf19.6668,1.272270231,0.000426719
orf19.3659,1.221910608,0.001438182
orf19.2282,1.208950049,0.00440732
orf19.1036,1.200459229,0.011053526
orf19.6667,1.196883913,0.001000623
orf19.7149,1.19364953,0.002336698
orf19.3291,1.184830496,0.001079299
orf19.4072,1.175478197,8.38E-05
orf19.2541,1.161434316,0.07181394
orf19.4438,1.154414667,0.000696376
orf19.301,1.147354983,0.00651777
orf19.1757,1.145721376,0.007316194
orf19.5635,1.140888706,0.004438886
orf19.6882,1.138676858,0.002548066
orf19.339,1.135799011,0.022235963
orf19.7468,1.131514429,0.005940565
orf19.2094,1.115509127,0.054330456
orf19.3876,1.106880447,0.005440841
orf19.1543,1.076139737,0.011076755
orf19.6980,1.062413179,0.01499154
orf19.2752,1.04894567,0.005940565
orf19.5568,1.048120626,0.017481772
orf19.1481,1.027791098,0.007905847
orf19.2068,1.024820352,0.01347526
orf19.7109,1.019585465,0.11662309
orf19.991,1.007800236,0.039883877
orf19.5617,0.996099805,0.072129902
orf19.3586,0.987140585,0.015790132
orf19.7404,0.983109479,0.021146235
orf19.4787,0.981867229,0.020853982
orf19.3230,0.97753519,0.045426041
orf19.497,0.975880546,0.012808826
orf19.5357,0.974578091,0.016917365
orf19.2670,0.972582408,0.010679969
orf19.5251,0.969982161,0.069760634
orf19.6091,0.966725057,0.001859935
orf19.2822,0.959457366,0.012282543
orf19.6232,0.958668635,0.024255037
orf19.2432,0.954587917,0.038411641
orf19.2158,0.953700816,0.016223422
orf19.1035,0.952216523,0.004938563
orf19.5812,0.925766487,0.075349808
orf19.3237,0.92500584,0.027850485
orf19.5771,0.916199256,0.073327657
orf19.4997,0.914967743,0.018754624
orf19.5326,0.903470944,0.000235973
orf19.5312,0.894813344,0.048441769
orf19.7033,0.887421113,0.013807728
orf19.748,0.8868935,0.016683107
orf19.7175,0.886323864,0.007378418
orf19.5016,0.883648976,0.082608491
orf19.2758,0.881410945,0.15933268
orf19.5992,0.8761354,0.08213932
orf19.4288,0.869694715,0.005460187
orf19.2272,0.868666264,0.001834816
orf19.5548,0.865864621,0.020298023
orf19.4892,0.864024942,0.020466308
orf19.6645,0.859103515,0.052825566
orf19.846,0.858386407,0.005068619
orf19.3030,0.854237599,0.025458642
orf19.6830,0.844546192,0.042328613
orf19.949,0.843876516,0.007562864
orf19.7472,0.843521131,0.013054517
orf19.6844,0.838085563,0.416720676
orf19.376,0.819788472,0.138531683
orf19.7330,0.818759794,0.0647534
orf19.5654,0.81783908,0.032644505
orf19.5341,0.812877673,0.091229258
orf19.5412,0.809150342,0.104658644
orf19.4464,0.805868669,0.004707845
orf19.835,0.805266268,0.000936861
orf19.4896,0.800731455,0.123600439
orf19.4242,0.798297831,0.016531255
orf19.469,0.798096125,0.028410658
orf19.147,0.796277686,0.251005286
orf19.5449,0.788343667,0.014525165
orf19.1301,0.786178142,0.075349808
orf19.2972,0.77037011,0.067558387
orf19.255,0.767756179,0.008011285
orf19.1754,0.763496178,0.026020933
orf19.3219,0.760367053,0.078809828
orf19.5541,0.756818811,0.046006739
orf19.1058,0.751853742,0.014835452
orf19.7510,0.751557412,0.019934477
orf19.2969,0.748800783,0.196493566
orf19.1002,0.748054328,0.09041845
orf19.1847,0.746125679,0.017177996
orf19.225,0.745823125,0.056479379
orf19.5596,0.743068812,0.013904934
orf19.1341,0.741618389,0.016737594
orf19.7347,0.741361931,0.074305207
orf19.1163,0.731968196,0.060608432
orf19.7086,0.7235466,0.013686131
orf19.7660,0.721265127,0.017976436
orf19.535,0.719984756,0.024443541
orf19.2067,0.718984591,0.014083851
orf19.4295,0.716752908,0.079480091
orf19.1124,0.713566243,0.019627048
orf19.7247,0.711603438,0.012059017
orf19.5124,0.711458831,0.054472448
orf19.5408,0.710011284,0.094560012
orf19.4163,0.709969846,0.185844163
orf19.2695,0.70812773,0.043360043
orf19.3942,0.7035385,0.033967916
orf19.6781,0.703038465,0.188860857
orf19.223,0.70213519,0.079144292
orf19.6596,0.697704721,0.175356842
orf19.7414,0.697246048,0.033122476
orf19.5539,0.697165574,0.066315175
orf19.1034,0.692543202,0.166864097
orf19.1191,0.682426365,0.026001532
orf19.5808,0.677864428,0.175356842
orf19.7017,0.676570475,0.058775562
orf19.4655,0.671752675,0.799395453
orf19.6883,0.671105408,0.056151093
orf19.2747,0.670480394,0.040687877
orf19.4867,0.669977747,0.038491414
orf19.6845,0.669629077,0.213774168
orf19.1942,0.669455196,0.105533089
orf19.6033,0.668333288,0.096126026
orf19.3329,0.667847798,0.436147918
orf19.7625,0.6639087,0.073527602
orf19.4102,0.663485382,0.058775562
orf19.3315,0.662907083,0.063068224
orf19.1614,0.662360824,0.105654389
orf19.5278,0.659458981,0.17095861
orf19.5205,0.658324164,0.251849113
orf19.2697,0.658063798,0.027271753
orf19.5255,0.65690927,0.09041845
orf19.2839,0.655818889,0.143221515
orf19.6850,0.654922977,0.063068224
orf19.6594,0.654239574,0.046819211
orf19.5393,0.653792097,0.091117088
orf19.5392,0.650980927,0.158598273
orf19.2343,0.650692257,0.032814361
orf19.3574,0.647943702,0.169143994
orf19.5105,0.64779535,0.119114206
orf19.714,0.645900464,0.063972016
orf19.3527,0.644966169,0.144536871
orf19.6898,0.644785353,0.093819892
orf19.1493,0.643031594,0.044427019
orf19.297,0.64295799,0.095106144
orf19.1080,0.641995952,0.02675555
orf19.290,0.638825366,0.085651247
orf19.6824,0.63644012,0.132808378
orf19.5742,0.636143351,0.021896582
orf19.5285,0.636065489,0.057833499
orf19.7497,0.633073128,0.167621333
orf19.2975,0.631670285,0.124035387
orf19.532,0.630413792,0.112839766
orf19.6916,0.628730958,0.253884083
orf19.3944,0.628349045,0.196291306
orf19.1874,0.626494988,0.013480444
orf19.4831,0.624924364,0.0511188
orf19.1542,0.622902058,0.022641029
orf19.2471,0.621725176,0.099932822
orf19.4907,0.613979895,0.136146695
orf19.2087,0.610733565,0.042397857
orf19.7258,0.610096051,0.142521941
orf19.7495,0.607204618,0.067558387
orf19.4890,0.605590488,0.222597523
orf19.2949,0.605175851,0.107922161
orf19.4621,0.604606641,0.066232319
orf19.600,0.603070553,0.158107597
orf19.2933,0.601083858,0.065378351
orf19.6143,0.600742049,0.115041292
orf19.3901,0.599760986,0.108629926
orf19.5665,0.598193218,0.108095247
orf19.7518,0.596466772,0.130108329
orf19.1698,0.596292806,0.029880683
orf19.2077,0.59564645,0.206595754
orf19.522,0.594618802,0.059310377
orf19.5615,0.593024565,0.076461679
orf19.5925,0.591198149,0.105654389
orf19.4555,0.591149077,0.073327657
orf19.4804,0.589547393,0.153669267
orf19.5078,0.586423584,0.044427019
orf19.1586,0.58365063,0.079720267
orf19.1730,0.58364292,0.136652666
orf19.4077,0.583044916,0.062622352
orf19.7077,0.581967624,0.147541557
orf19.6061,0.579563932,0.132078402
orf19.5552,0.578670952,0.262265049
orf19.7196,0.571861069,0.09041845
orf19.1365,0.569115719,0.237156155
orf19.1427,0.568029444,0.037445213
orf19.713,0.5668739,0.276347718
orf19.5038,0.566663011,0.068217626
orf19.1107,0.566503841,0.29569558
orf19.3272,0.563687396,0.145071901
orf19.2268,0.562736353,0.075114236
orf19.5646,0.559046144,0.063058345
orf19.1193,0.557849623,0.379323718
orf19.387,0.55768549,0.155521486
orf19.6558,0.556421145,0.147266734
orf19.1359,0.554869249,0.094480631
orf19.4060,0.553098933,0.095813129
orf19.7516,0.551139392,0.330763463
orf19.7539,0.550701118,0.143814714
orf19.1799,0.547734979,0.212243458
orf19.1162,0.543060043,0.144642261
orf19.1538,0.538174827,0.151129828
orf19.4081,0.537948653,0.207641914
orf19.5079,0.535809821,0.166715762
orf19.7410,0.535076994,0.109731025
orf19.4171,0.533431654,0.096197613
orf19.2194,0.532685413,0.091929429
orf19.4651,0.532628562,0.095002122
orf19.2711,0.531706716,0.195014515
orf19.5924,0.529636109,0.225919271
orf19.2612,0.527690486,0.050080688
orf19.5499,0.527580826,0.469386519
orf19.7664,0.526191128,0.120630236
orf19.3176,0.525236499,0.262265049
orf19.5532,0.524217639,0.194531537
orf19.1237,0.523814015,0.114843421
orf19.2653,0.521465205,0.107922161
orf19.5681,0.52005399,0.141976373
orf19.4941,0.51985386,0.157316147
orf19.6336,0.519769654,0.196811631
orf19.4653,0.518633348,0.143221515
orf19.4649,0.516832452,0.05790221
orf19.1536,0.515852166,0.280647257
orf19.1317,0.515708314,0.239426473
orf19.2350,0.51550613,0.08130966
orf19.4503,0.514014095,0.135987177
orf19.1880,0.513781561,0.243979444
orf19.1227,0.512935933,0.115041292
orf19.3444,0.512744336,0.368636793
orf19.428,0.511844618,0.159012658
orf19.5671,0.510613339,0.070578805
orf19.6243,0.509313035,0.233469584
orf19.2276,0.508849879,0.329371211
orf19.2110,0.508558568,0.168575311
orf19.3727,0.508104254,0.029166776
orf19.6986,0.506809018,0.402622029
orf19.6209,0.505961215,0.212243458
orf19.984,0.505222593,0.062534543
orf19.841,0.504975535,0.085901473
orf19.4046,0.502699614,0.412647746
orf19.399,0.502352921,0.190348566
orf19.4637,0.502229361,0.42527502
orf19.2151,0.501906009,0.107922161
orf19.6984,0.501652754,0.16862668
orf19.3995,0.50107481,0.120630236
orf19.2980,0.500181428,0.136652666
orf19.4526,0.49822573,0.109908696
orf19.1160,0.495798412,0.262124295
orf19.2095,0.495590625,0.27999366
orf19.4735,0.492311388,0.395743487
orf19.7316,0.490819192,0.222921905
orf19.7095,0.489191963,0.120630236
orf19.2423,0.489096923,0.118272788
orf19.1066,0.488585784,0.143981887
orf19.826,0.488347361,0.155498025
orf19.6562,0.486349965,0.174095905
orf19.6183,0.486079421,0.351007657
orf19.2304,0.485761177,0.206465375
orf19.4654,0.483829387,0.39308677
orf19.2172,0.483007661,0.188860857
orf19.5970,0.482641412,0.169143994
orf19.799,0.481917858,0.301170301
orf19.4144,0.478334145,0.287738552
orf19.2044,0.47406996,0.06558602
orf19.3122.2,0.473404563,0.09041845
orf19.3539,0.473113919,0.314217683
orf19.286,0.472439141,0.244156387
orf19.2942,0.471120764,0.0523098
orf19.6418,0.471047643,0.196291306
orf19.1577,0.469760915,0.082608491
orf19.6247,0.468764961,0.098082151
orf19.5498,0.466736695,0.120630236
orf19.2660,0.466496107,0.225799935
orf19.843,0.466190998,0.108334898
orf19.7393,0.465780463,0.095805182
orf19.6354,0.461424699,0.320817682
orf19.3557,0.460316419,0.185936633
orf19.639,0.459882525,0.269592938
orf19.7080,0.4597444,0.22189079
orf19.3466,0.459312093,0.303633833
orf19.2033,0.458883841,0.304421942
orf19.3363,0.458257902,0.213774168
orf19.3061,0.457884725,0.141812104
orf19.3275,0.455442266,0.158107597
orf19.4365,0.453372094,0.284423802
orf19.5978,0.45293535,0.235087586
orf19.3672,0.452660499,0.262880866
orf19.3852,0.449153472,0.236305074
orf19.1913,0.44854993,0.130649124
orf19.5796,0.446365502,0.158107597
orf19.7188,0.444186009,0.305428241
orf19.4013,0.44340983,0.395743487
orf19.6457,0.443167322,0.22086387
orf19.6344,0.442824939,0.173202089
orf19.3825,0.442697984,0.197889031
orf19.6570,0.442164841,0.166597632
orf19.6481,0.441726545,0.317825233
orf19.6810,0.440222585,0.228725334
orf19.6407,0.440163231,0.139556016
orf19.967,0.439932466,0.344235351
orf19.5307,0.439538965,0.20979765
orf19.1276,0.439407193,0.327435566
orf19.7225,0.439007469,0.143814714
orf19.2906,0.438983031,0.210006114
orf19.5862,0.434941712,0.160886975
orf19.3803,0.434486793,0.166998783
orf19.2476,0.43374608,0.146065466
orf19.7622,0.432498304,0.248726334
orf19.5915,0.430047254,0.143574627
orf19.5932,0.429908713,0.338187857
orf19.1289,0.428723989,0.591273528
orf19.691,0.42860919,0.24283527
orf19.4325,0.428119052,0.198722095
orf19.1286,0.428066982,0.287132309
orf19.2781,0.427432902,0.184250312
orf19.1636,0.425564272,0.195885734
orf19.2107,0.423499494,0.398536349
orf19.2344,0.423422916,0.24283527
orf19.7336,0.42206179,0.253884083
orf19.5968,0.418054098,0.223156581
orf19.6203,0.417791274,0.219685092
orf19.5958,0.416993369,0.199131699
orf19.6222,0.416255563,0.215927284
orf19.5667,0.415001686,0.250628395
orf19.641,0.414464252,0.265296451
orf19.7551,0.413347595,0.529801623
orf19.1185,0.412229219,0.589045569
orf19.5731,0.410639024,0.267680839
orf19.3227,0.408914514,0.334648497
orf19.5418,0.408292525,0.42527502
orf19.7578,0.407074589,0.434956456
orf19.2436,0.406982449,0.211585239
orf19.769,0.406862615,0.172828402
orf19.3121,0.405832428,0.362315235
orf19.1062,0.405168336,0.318378801
orf19.2772,0.404995132,0.131465822
orf19.1777,0.404448821,0.261524987
orf19.1041,0.404312339,0.142874908
orf19.4768,0.403659573,0.217517839
orf19.781,0.402600231,0.2499997
orf19.1793,0.401946358,0.352710278
orf19.5630,0.400854895,0.315822407
orf19.6327,0.400081793,0.117660193
orf19.4769,0.399551957,0.249359207
orf19.2673,0.39939511,0.265296451
orf19.4520,0.399267668,0.212463729
orf19.577,0.399240182,0.394286231
orf19.6168,0.399095012,0.132947631
orf19.5238,0.398082694,0.237485718
orf19.5727,0.397881878,0.191935436
orf19.551,0.395757514,0.210006114
orf19.6685,0.395557457,0.20979765
orf19.2284,0.395403355,0.240540674
orf19.3012,0.392742866,0.204631905
orf19.3555,0.392700831,0.312421748
orf19.6691,0.392635229,0.191999215
orf19.1324,0.392288845,0.395743487
orf19.3536,0.390881736,0.463462966
orf19.7069,0.39052917,0.479558944
orf19.2475,0.390188681,0.195014515
orf19.4822,0.388929837,0.247163861
orf19.7350,0.386889537,0.310965708
orf19.7342,0.386419302,0.489840568
orf19.1823,0.386318898,0.2499997
orf19.864,0.38624632,0.708317724
orf19.1158,0.385262907,0.442002985
orf19.4856,0.38457147,0.338187857
orf19.2400,0.384424368,0.287095145
orf19.1169,0.383578246,0.160836572
orf19.1263,0.381036128,0.213774168
orf19.2483,0.380530227,0.318378801
orf19.1995,0.38043053,0.326623334
orf19.4652,0.379969634,0.40412931
orf19.7164,0.379100145,0.243747174
orf19.3947,0.374083096,0.367584815
orf19.1421,0.372914612,0.194191562
orf19.643,0.372237559,0.462296282
orf19.2399,0.372080007,0.354573752
orf19.5056,0.371273075,0.465834865
orf19.1152,0.371246084,0.471748313
orf19.3756,0.37034589,0.4571331
orf19.4118,0.36960585,0.186253042
orf19.101,0.36849662,0.401483779
orf19.520,0.368202419,0.486664998
orf19.7367,0.36794796,0.445097527
orf19.1395,0.367110798,0.196291306
orf19.2446,0.366100873,0.350673812
orf19.3829,0.364017926,0.092951299
orf19.1339,0.363229602,0.417455845
orf19.2637,0.363032453,0.317359911
orf19.6901,0.362643406,0.322276853
orf19.2649,0.358833304,0.553623623
orf19.7059,0.358428866,0.354573752
orf19.1465,0.357718104,0.552968572
orf19.5195,0.357222729,0.558981439
orf19.7068,0.357116775,0.402382923
orf19.6727,0.355687474,0.216171154
orf19.4143,0.353895798,0.484402133
orf19.6694,0.353720619,0.338187857
orf19.2606,0.351496882,0.692884663
orf19.193,0.351276356,0.231163389
orf19.5683,0.351127926,0.321223867
orf19.2607,0.350997057,0.274021173
orf19.473,0.350897326,0.570917583
orf19.5276,0.350869416,0.390050443
orf19.4883,0.349227401,0.487747779
orf19.7111,0.348854861,0.223156581
orf19.7445,0.347490872,0.532911026
orf19.2821,0.347311228,0.369334748
orf19.3795,0.34668036,0.375336967
orf19.264,0.345016375,0.484402133
orf19.5643,0.344959362,0.382579437
orf19.3402,0.344235811,0.25663363
orf19.3530,0.344193742,0.408718847
orf19.4392,0.344188866,0.312421748
orf19.23,0.343575107,0.472833687
orf19.259,0.343191703,0.47306488
orf19.4610,0.343060146,0.274276758
orf19.1659,0.342964575,0.265207528
orf19.4579,0.342473421,0.40881719
orf19.4287,0.340979811,0.427190568
orf19.3232,0.34030476,0.213307419
orf19.2062,0.336091628,0.399269277
orf19.2193,0.335408206,0.377901139
orf19.1693,0.334380858,0.239111566
orf19.7520,0.334294842,0.141578991
orf19.5441,0.333450039,0.610413446
orf19.5729,0.332860771,0.392600506
orf19.4175,0.332070841,0.331236531
orf19.3263,0.332070239,0.350939448
orf19.2952,0.329574848,0.40881719
orf19.1914,0.329232962,0.310965708
orf19.206,0.328605953,0.388945469
orf19.5848,0.328592682,0.24283527
orf19.822,0.328005693,0.398536349
orf19.7257,0.32698625,0.407948854
orf19.1010,0.326912958,0.501376156
orf19.6869,0.325414288,0.561275399
orf19.5628,0.323577103,0.5821285
orf19.6063,0.322388574,0.392600506
orf19.7156,0.321394128,0.352010095
orf19.4571,0.32039323,0.549697388
orf19.4573,0.320152651,0.263130979
orf19.6323,0.319620488,0.373130488
orf19.2297,0.319415166,0.436258678
orf19.3929,0.318926364,0.589045569
orf19.4459,0.318028416,0.413985914
orf19.933,0.315607555,0.458485098
orf19.5609,0.315283591,0.291006842
orf19.4916,0.315021083,0.339816175
orf19.3736,0.314039294,0.287609337
orf19.6847,0.313603562,0.687470927
orf19.100,0.313595421,0.439305424
orf19.2468,0.313075932,0.598138706
orf19.1240,0.312621454,0.595985619
orf19.1357,0.311941115,0.313054522
orf19.1532,0.311407203,0.489214183
orf19.3370,0.309046253,0.721112643
orf19.4563,0.308112797,0.339816175
orf19.988,0.306862379,0.41292664
orf19.5426,0.306412839,0.30650376
orf19.5046,0.305560857,0.362924314
orf19.2419,0.305542954,0.542482909
orf19.3775,0.305532511,0.385850273
orf19.5561,0.303080697,0.388009522
orf19.575,0.303032351,0.480115935
orf19.2908,0.302392517,0.52690044
orf19.3689,0.30200662,0.504991419
orf19.5677,0.301189976,0.318378801
orf19.2474,0.30071077,0.444900134
orf19.2186,0.30053594,0.471748313
orf19.2311,0.30018842,0.469226926
orf19.2014,0.297695264,0.536589488
orf19.1490,0.297309861,0.681183042
orf19.1641,0.296058518,0.439305424
orf19.130,0.295098594,0.454205051
orf19.6306,0.294489573,0.458485098
orf19.6933,0.294250777,0.318378801
orf19.5517,0.29371848,0.577144521
orf19.1479,0.293355919,0.608980722
orf19.7229,0.293316263,0.558095729
orf19.2302,0.292861187,0.325609839
orf19.6425,0.292798924,0.40949129
orf19.6502,0.292521558,0.401463554
orf19.612,0.291763934,0.486156021
orf19.5553,0.290547262,0.478539093
orf19.5068,0.288167622,0.679486095
orf19.2165,0.287924638,0.398536349
orf19.2882,0.287907727,0.465954672
orf19.3152,0.287353801,0.478539093
orf19.7360,0.286934061,0.222480953
orf19.6082,0.286667931,0.703036756
orf19.5605,0.286403769,0.592615124
orf19.3937,0.286399442,0.442998311
orf19.1028,0.284683594,0.634614026
orf19.2036,0.284230197,0.461191333
orf19.158,0.284203853,0.431128146
orf19.1587,0.283050485,0.56763936
orf19.367,0.282813148,0.479347092
orf19.2370,0.281934544,0.498496146
orf19.4044,0.281544515,0.628941571
orf19.3932,0.281188082,0.631138936
orf19.6060,0.281088532,0.478539093
orf19.3173,0.279884264,0.628941571
orf19.3335,0.279752467,0.480990219
orf19.6918,0.279165054,0.491223495
orf19.943,0.278793947,0.480115935
orf19.2060,0.277662106,0.395610605
orf19.5224,0.277616235,0.501854041
orf19.4014,0.277077669,0.461191333
orf19.2326,0.276919418,0.571321989
orf19.176,0.276770909,0.479558944
orf19.1495,0.275398519,0.42527502
orf19.7665,0.272643399,0.551912589
orf19.6263,0.26971254,0.42527502
orf19.308,0.269674728,0.519092261
orf19.5962,0.269380423,0.703325458
orf19.4608,0.26820265,0.3825897
orf19.5752,0.268086169,0.436258678
orf19.7112,0.267874024,0.549697388
orf19.5058,0.266957881,0.456976486
orf19.3111,0.266155727,0.479105078
orf19.6043,0.265893809,0.426424465
orf19.3016,0.263364654,0.493352744
orf19.1200,0.263235538,0.436117351
orf19.1608,0.263183174,0.464085218
orf19.4461,0.262474294,0.392600506
orf19.4668,0.261342655,0.482714502
orf19.3821,0.261018149,0.591273528
orf19.543,0.260979796,0.534379945
orf19.5496,0.260255673,0.696900051
orf19.7016,0.258737643,0.56406532
orf19.5749,0.258663864,0.592615124
orf19.1723,0.257925974,0.469226926
orf19.5335,0.257820817,0.526955509
orf19.642,0.257464165,0.484402133
orf19.4446,0.256510639,0.514042379
orf19.6054,0.256255008,0.589045569
orf19.6747,0.255232414,0.520203628
orf19.4922,0.255109071,0.592615124
orf19.412,0.25509953,0.753412423
orf19.6271,0.254882671,0.416983515
orf19.246,0.254028797,0.478539093
orf19.2681,0.253989245,0.630722455
orf19.5676,0.253648724,0.518144013
orf19.3687,0.253332456,0.47378058
orf19.7105,0.251311689,0.617350582
orf19.2580,0.251087593,0.512373395
orf19.1782,0.251074169,0.315527482
orf19.5975,0.250940118,0.603174447
orf19.553,0.250673424,0.388009522
orf19.7030,0.250039499,0.474806357
orf19.2269,0.249065992,0.533762299
orf19.5830,0.249043199,0.662134339
orf19.4761,0.248910838,0.704710905
orf19.1310,0.248115341,0.694181947
orf19.3282,0.247101507,0.475434339
orf19.1639,0.246915559,0.362261579
orf19.4269,0.246435251,0.703325458
orf19.7637,0.246016737,0.533855496
orf19.2346,0.245184945,0.517851883
orf19.6623,0.244866134,0.605811937
orf19.4699,0.244849289,0.690419274
orf19.426,0.244775743,0.532911026
orf19.1108,0.244752338,0.577961727
orf19.6305,0.244386611,0.491579595
orf19.1326,0.242866493,0.558981439
orf19.11,0.241978229,0.660696531
orf19.4432,0.241781977,0.625593668
orf19.734,0.241438701,0.764607351
orf19.1135,0.240498295,0.50290501
orf19.3406,0.240299313,0.597604611
orf19.3136,0.23996582,0.61338502
orf19.4950,0.238527501,0.577961727
orf19.4780,0.237832254,0.610413446
orf19.5455,0.237626522,0.486156021
orf19.5604,0.237545077,0.551458438
orf19.2544,0.237340823,0.612592239
orf19.3757,0.236854851,0.491138804
orf19.7437,0.236782626,0.554922387
orf19.6007,0.234892127,0.653406688
orf19.1998,0.233885359,0.643833859
orf19.889,0.233775997,0.638307812
orf19.4370,0.233267884,0.57793762
orf19.260,0.23255217,0.60412525
orf19.3649,0.232122521,0.674835738
orf19.7184,0.231629313,0.522786871
orf19.3895,0.231484968,0.476170887
orf19.2425,0.231075692,0.565911334
orf19.6577,0.230912241,0.772692106
orf19.6324,0.230797184,0.545788163
orf19.2878,0.230577517,0.617043075
orf19.277,0.230386813,0.558176433
orf19.300,0.229545854,0.552968572
orf19.3710,0.228136375,0.586892016
orf19.2075,0.227843182,0.618546406
orf19.7460,0.224284484,0.706857814
orf19.6185,0.223946322,0.501854041
orf19.1667,0.223624311,0.610942627
orf19.1327,0.223189646,0.48080063
orf19.1171,0.223028189,0.623972539
orf19.698,0.222905582,0.610942627
orf19.4222,0.221864012,0.681443507
orf19.5118,0.220790094,0.687496884
orf19.3352,0.220784249,0.59967411
orf19.1616,0.220177157,0.625924816
orf19.3267,0.219887134,0.42527502
orf19.5292,0.219604514,0.603561332
orf19.3899,0.219083529,0.739104819
orf19.1729,0.21859073,0.65038118
orf19.354,0.218072888,0.57891506
orf19.6379,0.217431212,0.561730871
orf19.6665,0.21672793,0.703325458
orf19.3228,0.216551714,0.5821285
orf19.6784,0.215859365,0.693795145
orf19.2947,0.214626329,0.618546406
orf19.6773,0.214439609,0.610288579
orf19.5966,0.214096609,0.513419707
orf19.4785,0.213773295,0.556031359
orf19.1709,0.213278386,0.617151031
orf19.4984,0.213185718,0.422365935
orf19.1632,0.212226696,0.479558944
orf19.7490,0.210647351,0.674006405
orf19.5524,0.210643744,0.605230816
orf19.6995,0.210051602,0.509602503
orf19.4356,0.209559057,0.677524426
orf19.1497,0.209227318,0.5821285
orf19.7444,0.209074773,0.478539093
orf19.797,0.208524016,0.717963696
orf19.1523,0.207920336,0.808392957
orf19.5587,0.207875433,0.59674067
orf19.309,0.207836367,0.40949256
orf19.6899,0.207214322,0.674729909
orf19.7328,0.207120256,0.643833859
orf19.7538,0.206970294,0.657969582
orf19.3915,0.206436479,0.640964017
orf19.2451,0.205998432,0.623972539
orf19.6952,0.205993508,0.516583796
orf19.6134,0.205792175,0.729086476
orf19.2396,0.20562763,0.647070095
orf19.3612,0.205115775,0.606840975
orf19.7382,0.204635419,0.561979202
orf19.4981,0.204052905,0.5821285
orf19.3102,0.203964905,0.847773768
orf19.1900,0.203884906,0.610413446
orf19.5219,0.203844477,0.625593668
orf19.4474,0.203419134,0.656733609
orf19.1681,0.20323397,0.592615124
orf19.1291,0.203075625,0.578172155
orf19.6994,0.202620841,0.589345898
orf19.4067,0.202175333,0.659134945
orf19.5999,0.199808435,0.718539065
orf19.191,0.199174232,0.657571223
orf19.7464,0.199033598,0.617350582
orf19.5757,0.198927858,0.628119136
orf19.2050,0.198513083,0.529801623
orf19.1451,0.197770201,0.771610839
orf19.4278,0.196682089,0.685996852
orf19.432,0.196232495,0.751130554
orf19.4496,0.195206454,0.588541471
orf19.5067,0.195098667,0.763881912
orf19.7365,0.193581719,0.679178979
orf19.541,0.192713766,0.675828457
orf19.1121,0.192641996,0.768977516
orf19.118,0.192611297,0.696105096
orf19.1685,0.192564272,0.568920081
orf19.7436.1,0.192281221,0.657251001
orf19.3142,0.192146096,0.726330203
orf19.4793,0.191375225,0.643736659
orf19.2671,0.189006811,0.501854041
orf19.7652,0.188755769,0.717637066
orf19.3423,0.186838977,0.557157925
orf19.1037,0.186391102,0.65270756
orf19.4197,0.186361444,0.6007985
orf19.5728,0.184947311,0.597604611
orf19.3874,0.184829645,0.758951616
orf19.6717,0.184534863,0.753392291
orf19.5931,0.184453507,0.578813554
orf19.4229,0.184280336,0.631138936
orf19.304,0.183628384,0.597881972
orf19.5134,0.183184022,0.623972539
orf19.7377,0.182977646,0.64939712
orf19.2481,0.18282993,0.4571331
orf19.1089,0.182311577,0.618232026
orf19.6730,0.182306781,0.602600631
orf19.7151,0.181336479,0.681183042
orf19.2054,0.180630119,0.60804347
orf19.3827,0.180626794,0.750262755
orf19.6854,0.179954154,0.636364685
orf19.7114,0.179767562,0.669053709
orf19.5814,0.179504608,0.631733248
orf19.7218,0.179045241,0.881119917
orf19.3983,0.178234783,0.710706309
orf19.2879,0.17701856,0.533762299
orf19.4063,0.175311969,0.681183042
orf19.5782,0.175183483,0.617073267
orf19.245,0.174968128,0.747073478
orf19.3296,0.174329195,0.70439417
orf19.7237,0.173614771,0.769733691
orf19.7332,0.173524686,0.811869547
orf19.6200,0.172677487,0.672877599
orf19.5611,0.171077583,0.772692106
orf19.3711,0.170953431,0.642547027
orf19.333,0.170637624,0.659134945
orf19.4225,0.169251534,0.666191891
orf19.3407,0.168714649,0.657571223
orf19.550,0.168681256,0.649909928
orf19.6766,0.167903332,0.725210084
orf19.6653,0.167767158,0.630024688
orf19.6956,0.167564094,0.783918985
orf19.2199,0.167057587,0.597881972
orf19.5107,0.167003551,0.758266435
orf19.758,0.165975794,0.62610755
orf19.4424,0.165946827,0.691009251
orf19.6214,0.165711441,0.769571288
orf19.3365,0.165088714,0.638232467
orf19.415,0.164193332,0.802577735
orf19.3434,0.164068705,0.667681738
orf19.5675,0.163370011,0.802577735
orf19.1255,0.163108633,0.763881912
orf19.457,0.162768912,0.695920872
orf19.2073,0.162745481,0.610288579
orf19.782,0.162577249,0.763881912
orf19.5926,0.162429179,0.726330203
orf19.7265,0.161973056,0.653406688
orf19.3018,0.161313489,0.753553433
orf19.6377,0.161203037,0.747073478
orf19.6237,0.160913408,0.654807568
orf19.405,0.160824095,0.808392957
orf19.2792,0.160686767,0.696900051
orf19.183,0.160071326,0.763611245
orf19.4550,0.159925867,0.688900636
orf19.5433,0.159409495,0.61255304
orf19.805,0.159196086,0.771610839
orf19.6953,0.158882799,0.770191919
orf19.1623,0.158478663,0.660029844
orf19.6578,0.158129425,0.703325458
orf19.4088,0.158117996,0.717637066
orf19.5816,0.157941956,0.647070095
orf19.4418,0.157147458,0.717637066
orf19.3669,0.156210582,0.791117916
orf19.4023,0.155577353,0.660696531
orf19.5438,0.1554865,0.769571288
orf19.5523,0.155390807,0.713648268
orf19.4274,0.154699243,0.533855496
orf19.3432,0.154645803,0.708544574
orf19.7523,0.153838805,0.660687458
orf19.7091,0.153740651,0.577961727
orf19.7208,0.153560619,0.735444672
orf19.4743,0.152968978,0.725564893
orf19.4128,0.152594642,0.772692106
orf19.1714,0.15224337,0.805998784
orf19.5641,0.152182304,0.763816499
orf19.6316,0.1521622,0.630024688
orf19.1471,0.151931784,0.840784476
orf19.425,0.151131264,0.811634531
orf19.4347,0.151109457,0.703036756
orf19.4850,0.150925959,0.753392291
orf19.2129,0.14985455,0.811963387
orf19.3770,0.149703675,0.664677884
orf19.6000,0.149486356,0.794780868
orf19.7475,0.149287331,0.713387819
orf19.2114,0.14914986,0.636511127
orf19.5006,0.148027867,0.862341944
orf19.3591,0.147545633,0.789392926
orf19.1236,0.146995172,0.786741084
orf19.3592,0.146924039,0.682992114
orf19.2791,0.146778653,0.783918985
orf19.2463,0.146261267,0.667987524
orf19.2458,0.146049257,0.799395453
orf19.355,0.14520351,0.667681738
orf19.1214,0.144669822,0.752698043
orf19.6990,0.143468987,0.724621426
orf19.4686,0.142533949,0.762823394
orf19.2106,0.141786128,0.726006288
orf19.4584,0.141634011,0.703325458
orf19.3841,0.141568484,0.703036756
orf19.2426,0.140876012,0.750568158
orf19.3302,0.140260665,0.772692106
orf19.2990,0.138963529,0.70439417
orf19.733,0.13893941,0.770381458
orf19.7513,0.138845245,0.782276609
orf19.4898,0.138813786,0.708481845
orf19.6152,0.138792843,0.703325458
orf19.4874,0.138144131,0.675285949
orf19.6420,0.13739909,0.688900636
orf19.3721,0.136388238,0.808392957
orf19.5535,0.135598361,0.746932839
orf19.804,0.135436898,0.799395453
orf19.4722,0.132821947,0.848094479
orf19.2945,0.132575746,0.744557616
orf19.656,0.132468765,0.769571288
orf19.7598,0.132322289,0.858546025
orf19.1060,0.129809727,0.77296812
orf19.4150,0.129666544,0.799395453
orf19.1496,0.128290463,0.783918985
orf19.5485,0.128161385,0.836833461
orf19.2771,0.127774166,0.675285949
orf19.2312,0.12709209,0.750340829
orf19.6913,0.125978908,0.735444672
orf19.5784,0.125954447,0.880315777
orf19.3658,0.125910872,0.716651682
orf19.6195,0.125273725,0.798302819
orf19.1804,0.124881202,0.792444924
orf19.7440,0.124768736,0.811642927
orf19.2626,0.124767533,0.799395453
orf19.795,0.12379265,0.759653731
orf19.1139,0.123206215,0.769571288
orf19.349,0.123180038,0.811642927
orf19.4843,0.122349367,0.729453293
orf19.3418,0.121840717,0.768977516
orf19.4826,0.121369943,0.763881912
orf19.763,0.120698164,0.759253745
orf19.6449,0.120638429,0.798541614
orf19.7310,0.120508887,0.734416676
orf19.5443,0.120349736,0.842489225
orf19.690,0.119514388,0.808392957
orf19.119,0.119147209,0.794740262
orf19.764,0.119081031,0.776103445
orf19.932,0.118826073,0.759653731
orf19.1686,0.118418536,0.728155015
orf19.3135,0.118162686,0.836833461
orf19.4816,0.117635332,0.836384944
orf19.511,0.117101777,0.794780868
orf19.1699,0.116706239,0.763881912
orf19.6592,0.115869992,0.794780868
orf19.299,0.115858976,0.832357392
orf19.3134,0.115405375,0.60804347
orf19.2197,0.113625477,0.745612018
orf19.6812,0.113611496,0.830044984
orf19.752,0.11285046,0.772692106
orf19.1264,0.112566627,0.811642927
orf19.1196,0.11190049,0.842381231
orf19.1720,0.111837756,0.845770024
orf19.1813,0.111620539,0.758266435
orf19.2248,0.111264137,0.771610839
orf19.2798,0.110882329,0.811634531
orf19.2115,0.11082201,0.8008734
orf19.7500,0.110386761,0.811642927
orf19.4783,0.109897482,0.796194917
orf19.5843,0.109710281,0.82500235
orf19.7152,0.109571364,0.779266168
orf19.6660,0.107989878,0.785841401
orf19.4131,0.107213092,0.845770024
orf19.3507,0.107106371,0.793331415
orf19.4937,0.106944176,0.825730026
orf19.2175,0.106754472,0.793331415
orf19.5965,0.106731819,0.867580235
orf19.125,0.106646576,0.807119638
orf19.5257,0.105973668,0.860578859
orf19.5762,0.104099757,0.79182912
orf19.4962,0.103750876,0.799395453
orf19.6173,0.103376094,0.860757886
orf19.3193,0.10299993,0.830044984
orf19.1355,0.102623174,0.879473118
orf19.190,0.101372114,0.830358316
orf19.2043,0.101200333,0.772692106
orf19.430,0.100547991,0.798302819
orf19.4312,0.099270062,0.772692106
orf19.4537,0.099038809,0.860578859
orf19.7071,0.098869939,0.86275492
orf19.4466,0.097851315,0.860578859
orf19.207,0.097186668,0.906960577
orf19.942,0.096754794,0.90030694
orf19.1865,0.096511006,0.785841401
orf19.6722,0.096218948,0.823482979
orf19.7629,0.095432195,0.797730676
orf19.7213,0.095165728,0.855921441
orf19.974,0.09497977,0.847218482
orf19.7061,0.094942526,0.800538325
orf19.4357,0.094891891,0.817733939
orf19.3042,0.094860851,0.860578859
orf19.5755,0.093820625,0.793331415
orf19.873,0.093701742,0.811642927
orf19.4593,0.092673273,0.884974463
orf19.2098,0.092199219,0.851916057
orf19.3686,0.09186757,0.808392957
orf19.7107,0.091311386,0.855921441
orf19.1142,0.091216205,0.82353996
orf19.5262,0.091143758,0.825480977
orf19.4524,0.090673931,0.888551622
orf19.3401,0.090329164,0.909893896
orf19.10,0.088595622,0.851916057
orf19.3982,0.087203268,0.89374546
orf19.1449,0.085773699,0.830044984
orf19.4031,0.085056816,0.842489225
orf19.866,0.084938567,0.879473118
orf19.6868,0.08488436,0.884266274
orf19.4730,0.084296542,0.819007464
orf19.2246,0.083587736,0.90030694
orf19.3131,0.083270565,0.919746048
orf19.5588,0.083019701,0.863651787
orf19.97,0.082482566,0.896951296
orf19.3954,0.080824197,0.832627734
orf19.238,0.080236969,0.806846228
orf19.668,0.077453128,0.878485154
orf19.2124,0.077372494,0.925049262
orf19.2810,0.077143536,0.8747262
orf19.7396,0.077128495,0.830044984
orf19.341,0.076672847,0.897658927
orf19.203,0.076445964,0.862341944
orf19.2418,0.076232755,0.787482119
orf19.2006,0.075038351,0.879473118
orf19.5025,0.074664197,0.91413303
orf19.4760,0.074421399,0.837441019
orf19.1980,0.073582368,0.881769162
orf19.4688,0.071650659,0.879473118
orf19.2241,0.070259408,0.885496303
orf19.3368,0.069809624,0.920481525
orf19.2496,0.069757142,0.912971645
orf19.1663,0.069656501,0.912971645
orf19.2394,0.069636129,0.89374546
orf19.460,0.068789332,0.89374546
orf19.7370,0.068642655,0.881769162
orf19.809,0.068266018,0.90126032
orf19.6055,0.067520421,0.877273393
orf19.2498,0.067347652,0.888551622
orf19.1533,0.066880439,0.959412928
orf19.6629,0.065697203,0.903043225
orf19.6569,0.065549466,0.89374546
orf19.6066,0.064848741,0.887638569
orf19.6751,0.064555199,0.894073332
orf19.4776,0.064417045,0.950300255
orf19.338,0.064388876,0.924507116
orf19.3003,0.064364962,0.929057291
orf19.1057,0.063892771,0.905202289
orf19.3100,0.063721748,0.887638569
orf19.7216,0.063525614,0.955973859
orf19.3458,0.0632854,0.882871407
orf19.4912,0.063231332,0.924507116
orf19.1755,0.063178696,0.925314684
orf19.1150,0.062969986,0.887272641
orf19.1343,0.062842436,0.909404869
orf19.1078,0.061187883,0.897134815
orf19.1634,0.06110006,0.747073478
orf19.7231,0.060478919,0.881769162
orf19.2306,0.059930357,0.89500604
orf19.7238,0.058827699,0.905202289
orf19.2137,0.058652993,0.91384535
orf19.669,0.058484541,0.920481525
orf19.1525,0.058308574,0.923547901
orf19.2749,0.055844949,0.929057291
orf19.5384,0.055784921,0.920481525
orf19.3051,0.054789954,0.910428528
orf19.5827,0.054019417,0.947263451
orf19.5505,0.053500751,0.918588017
orf19.1201,0.053294439,0.926704002
orf19.7514,0.052701436,0.918587379
orf19.604,0.052628079,0.924507116
orf19.7387,0.049231939,0.929057291
orf19.2608,0.049095909,0.909893896
orf19.3720,0.048737205,0.93168936
orf19.6196,0.048430051,0.941267326
orf19.651,0.048209174,0.920481525
orf19.3149,0.047755523,0.910428528
orf19.4778,0.047693048,0.926820041
orf19.2693,0.047525812,0.925314684
orf19.2101,0.047518386,0.920481525
orf19.3822,0.04731951,0.92358238
orf19.4800,0.046630298,0.933614885
orf19.5006.1,0.046356073,0.930369001
orf19.3843,0.04602864,0.949154988
orf19.1070,0.04526682,0.90030694
orf19.477,0.045254258,0.931571177
orf19.1363,0.045079326,0.918588017
orf19.2209,0.042387342,0.963289295
orf19.5859,0.041847511,0.938046866
orf19.4035,0.041710571,0.934028753
orf19.6832,0.041547601,0.934597145
orf19.893,0.039219803,0.959936014
orf19.798,0.038842637,0.955538481
orf19.6680,0.038837762,0.953910838
orf19.3839,0.037410309,0.933614885
orf19.7672,0.036855155,0.959412928
orf19.7428,0.036166359,0.945412321
orf19.4316,0.03611317,0.936459996
orf19.1719,0.036091619,0.933614885
orf19.6928,0.035946868,0.933614885
orf19.1159,0.034911515,0.959936014
orf19.3785,0.03444198,0.936459996
orf19.7270,0.033930279,0.945656528
orf19.3603,0.033295515,0.959605551
orf19.2514,0.033159914,0.955973859
orf19.6992,0.032070127,0.953631896
orf19.6464,0.031687451,0.952949838
orf19.703,0.031670086,0.955973859
orf19.7165,0.031422806,0.960207296
orf19.5265,0.031195725,0.961870689
orf19.2016,0.031085057,0.959936014
orf19.6109,0.030703088,0.97524157
orf19.6805,0.030613885,0.961358853
orf19.4615,0.030135224,0.961870689
orf19.5903,0.030011409,0.955973859
orf19.3966,0.029457441,0.959936014
orf19.4943,0.028285643,0.961870689
orf19.3617,0.027824394,0.961870689
orf19.7663,0.026723114,0.959412928
orf19.1308,0.026342845,0.972995844
orf19.52,0.026242214,0.972289303
orf19.4884,0.026143369,0.963551196
orf19.6729,0.026062537,0.959412928
orf19.166,0.02569231,0.959412928
orf19.3222,0.0250857,0.961689629
orf19.4921,0.02455685,0.959605551
orf19.1800,0.024116616,0.976353315
orf19.459,0.023942253,0.975489538
orf19.4945,0.023728027,0.953631896
orf19.4148,0.023709462,0.960207296
orf19.6302,0.023371741,0.963551196
orf19.2721,0.022225805,0.963289295
orf19.5911,0.022164272,0.961358853
orf19.794,0.02120032,0.97497504
orf19.3139,0.020845856,0.962233833
orf19.844,0.020322641,0.974729008
orf19.4255,0.019376139,0.973980338
orf19.3187,0.01925675,0.97524157
orf19.4534,0.019047858,0.974729008
orf19.7403,0.018169482,0.971119578
orf19.6889,0.018137077,0.97524157
orf19.4773,0.017897278,0.974729008
orf19.7661,0.016822473,0.974729008
orf19.4821,0.016282564,0.983429625
orf19.1747,0.016201418,0.989186819
orf19.434,0.01611522,0.97524157
orf19.3854,0.015991381,0.97524157
orf19.5144,0.015924034,0.972995844
orf19.1296,0.014245088,0.980510391
orf19.212,0.013819892,0.974729008
orf19.51,0.012827385,0.986855298
orf19.7512,0.012611676,0.980104839
orf19.3641,0.012586219,0.982663696
orf19.5083,0.011045395,0.99215529
orf19.7158,0.010631074,0.987547625
orf19.5658,0.010458769,0.987547625
orf19.3006,0.010139254,0.99016739
orf19.5293,0.009667224,0.99020469
orf19.1978,0.008712934,0.99016739
orf19.807,0.008459354,0.99020469
orf19.701,0.007906695,0.99215529
orf19.3457,0.007312253,0.99215529
orf19.4494,0.00726867,0.99020469
orf19.6744,0.006628925,0.99215529
orf19.5035,0.006388833,0.99020469
orf19.3627,0.006367362,0.99193673
orf19.5305,0.005848164,0.993555514
orf19.1576,0.005818927,0.99215529
orf19.151,0.005772458,0.99215529
orf19.6858,0.005620066,0.99215529
orf19.2251,0.005517665,0.99215529
orf19.5580,0.005015227,0.99215529
orf19.5530,0.003817809,0.994629774
orf19.1920,0.003406399,0.995071482
orf19.3809,0.003034042,0.995715608
orf19.1307,0.002588581,0.996036904
orf19.5792,0.00210008,0.996043402
orf19.3523,0.001871142,0.996043402
orf19.1114,0.001585234,0.9976417
orf19.7400,-0.000118333,0.999576196
orf19.4396,-0.000359964,0.999134627
orf19.2065,-0.001165193,0.996043402
orf19.5894,-0.001184163,0.996043402
orf19.4630,-0.00270363,0.996036904
orf19.5531,-0.0028219,0.996036904
orf19.1927,-0.00308884,0.995897138
orf19.7297,-0.00356419,0.995715608
orf19.4599,-0.003660694,0.994629774
orf19.6178,-0.003737994,0.995071482
orf19.2467,-0.00459134,0.994085795
orf19.5180,-0.005482023,0.993380978
orf19.3040,-0.005991276,0.99215529
orf19.1270,-0.006018257,0.99215529
orf19.386,-0.00671293,0.99215529
orf19.2391,-0.006757838,0.99215529
orf19.4481,-0.006862704,0.99215529
orf19.2575,-0.007086559,0.991871268
orf19.5029,-0.007138104,0.99193673
orf19.1442,-0.007255794,0.99215529
orf19.1040,-0.007870653,0.99016739
orf19.2966,-0.007980837,0.99016739
orf19.371,-0.009215712,0.991022769
orf19.7491,-0.009276822,0.985737344
orf19.644,-0.009471486,0.99016739
orf19.2948,-0.009661154,0.986855298
orf19.4736,-0.010533012,0.987547625
orf19.5113,-0.010574043,0.986855298
orf19.2131,-0.01126262,0.987860724
orf19.4889,-0.011601307,0.986855298
orf19.7570,-0.012580895,0.986855298
orf19.3638,-0.013118528,0.986855298
orf19.3670,-0.013610137,0.986855298
orf19.4375,-0.013842242,0.980722376
orf19.4379,-0.014325301,0.976353315
orf19.5037,-0.015090763,0.977396983
orf19.4737,-0.015349517,0.97524157
orf19.6038,-0.01575984,0.980510391
orf19.5730,-0.01655256,0.971119578
orf19.3922,-0.01733925,0.974729008
orf19.689,-0.017439954,0.971119578
orf19.2848,-0.017757645,0.974729008
orf19.4846,-0.019147539,0.974729008
orf19.1083,-0.019323542,0.974729008
orf19.4147,-0.019740307,0.969434583
orf19.1946,-0.021240498,0.966819773
orf19.7364,-0.021629216,0.971119578
orf19.1005,-0.02168279,0.963289295
orf19.5005,-0.022755482,0.963289295
orf19.3679,-0.022980025,0.964019723
orf19.1354,-0.023405181,0.959605551
orf19.4587,-0.02416596,0.964019723
orf19.6905,-0.024377797,0.963289295
orf19.3589,-0.025228736,0.962233833
orf19.1785,-0.025799803,0.959605551
orf19.2965,-0.027026621,0.959412928
orf19.5917,-0.027579309,0.959412928
orf19.1260,-0.027580271,0.977396983
orf19.2157,-0.027706535,0.963962783
orf19.1621,-0.028249938,0.971119578
orf19.4279,-0.028267805,0.955973859
orf19.1381,-0.028468092,0.949477232
orf19.7517,-0.028974918,0.955973859
orf19.7447,-0.029795063,0.959062022
orf19.1388,-0.030964276,0.963289295
orf19.388,-0.031084018,0.933614885
orf19.4823,-0.031252997,0.945982446
orf19.7324,-0.033125195,0.961870689
orf19.4923,-0.033791488,0.959412928
orf19.1180,-0.034920398,0.959412928
orf19.4151,-0.035626235,0.959605551
orf19.7397,-0.036465924,0.938046866
orf19.6086,-0.036660238,0.955973859
orf19.3362,-0.037167214,0.950351693
orf19.4801,-0.037788758,0.939652496
orf19.6460,-0.03819296,0.959412928
orf19.1756,-0.038236863,0.932978663
orf19.3151,-0.038293194,0.930369001
orf19.4416,-0.03879693,0.950300255
orf19.756,-0.039079662,0.945982446
orf19.7503,-0.039287432,0.949477232
orf19.6522,-0.03941172,0.945982446
orf19.3680,-0.039881264,0.944068845
orf19.4592,-0.040435528,0.961358853
orf19.1844,-0.04054248,0.959605551
orf19.3050,-0.040691373,0.933614885
orf19.848,-0.040746978,0.927827249
orf19.524,-0.041568648,0.933614885
orf19.123,-0.042021189,0.933115548
orf19.7359,-0.042211209,0.952554567
orf19.3923,-0.042679607,0.974729008
orf19.948,-0.045480646,0.931480487
orf19.5534,-0.045528827,0.938119587
orf19.5087,-0.045545565,0.930369001
orf19.2765,-0.045727424,0.944245242
orf19.6167,-0.046824392,0.922884218
orf19.5098,-0.047303074,0.925314684
orf19.3699,-0.04763175,0.932978663
orf19.35,-0.047941199,0.932133765
orf19.4369,-0.048028619,0.949477232
orf19.6072,-0.048478521,0.921979921
orf19.779,-0.048593914,0.921979921
orf19.2088,-0.049220249,0.931092462
orf19.5484,-0.050181946,0.89500604
orf19.3355,-0.050737395,0.944511924
orf19.896,-0.051115917,0.905246788
orf19.5672,-0.052462676,0.925314684
orf19.908,-0.052716873,0.925314684
orf19.4953,-0.053651238,0.945982446
orf19.6659,-0.053795206,0.934597145
orf19.5237,-0.054284043,0.945982446
orf19.1504,-0.056702969,0.90030694
orf19.944,-0.056857124,0.909893896
orf19.5299,-0.05732158,0.920481525
orf19.4855,-0.057435078,0.909893896
orf19.4927,-0.057451114,0.925314684
orf19.5655,-0.057769259,0.88771859
orf19.5220,-0.057968913,0.933614885
orf19.7283,-0.058382291,0.924465111
orf19.7602,-0.059126886,0.926704002
orf19.1153,-0.059128251,0.914309841
orf19.4897,-0.060169702,0.90030694
orf19.1149,-0.060603128,0.919807076
orf19.2341,-0.061175752,0.888551622
orf19.6809,-0.062074443,0.892700749
orf19.4612,-0.063621334,0.911441848
orf19.517,-0.064163935,0.899741464
orf19.4430,-0.065316184,0.905246788
orf19.6387,-0.066475762,0.93168936
orf19.1890,-0.067057941,0.896951296
orf19.1665,-0.068819686,0.891667647
orf19.3292,-0.069305511,0.89374546
orf19.3980,-0.07038007,0.888551622
orf19.7463,-0.070400537,0.862341944
orf19.6699,-0.070996642,0.888551622
orf19.4805,-0.071049648,0.89374546
orf19.742,-0.071608036,0.896951296
orf19.2445,-0.073286586,0.892789301
orf19.811,-0.074599788,0.829776902
orf19.4309,-0.07578751,0.860960409
orf19.5661,-0.076848436,0.879473118
orf19.3175,-0.078119861,0.89374546
orf19.2748,-0.078551297,0.862370588
orf19.5102,-0.078575457,0.874733994
orf19.3815,-0.078926243,0.897534519
orf19.2517,-0.079150131,0.89374546
orf19.4012,-0.079276041,0.919746048
orf19.4996,-0.07929897,0.899741464
orf19.7267,-0.080037466,0.862370588
orf19.6993,-0.080625556,0.872487443
orf19.1567,-0.084381415,0.965341337
orf19.5673,-0.08565053,0.811634531
orf19.3307,-0.085864787,0.845770024
orf19.5986,-0.086375453,0.851916057
orf19.313,-0.086912113,0.851916057
orf19.5159,-0.087551261,0.88771859
orf19.3705,-0.087878102,0.800331986
orf19.3548,-0.089232347,0.817733939
orf19.2461,-0.08939875,0.860441804
orf19.3231,-0.090951172,0.872167616
orf19.6912,-0.090953723,0.847773768
orf19.4002,-0.091375431,0.89374546
orf19.4160,-0.091755748,0.811634531
orf19.4079,-0.091814999,0.845770024
orf19.4528,-0.091995138,0.855974162
orf19.6012,-0.092029158,0.869134943
orf19.2751,-0.092533011,0.860441804
orf19.4551,-0.093435878,0.799395453
orf19.2996,-0.093548259,0.863014266
orf19.2028,-0.093861758,0.832627734
orf19.2198,-0.09429068,0.897658927
orf19.5343,-0.094946344,0.856513419
orf19.3369,-0.095255521,0.868594864
orf19.7124,-0.09636048,0.855921441
orf19.1637,-0.096576516,0.860578859
orf19.3049,-0.097053554,0.772692106
orf19.5858,-0.097664938,0.799395453
orf19.4802,-0.098227283,0.830044984
orf19.633,-0.098719804,0.829325601
orf19.2926,-0.098869859,0.855921441
orf19.2833,-0.100894229,0.819398242
orf19.4048,-0.10149515,0.810296741
orf19.5759,-0.102083829,0.824512907
orf19.4905,-0.102511793,0.865547067
orf19.3577,-0.10255075,0.836384944
orf19.3089,-0.10349486,0.82500235
orf19.1375,-0.103551204,0.794064755
orf19.3912,-0.103623041,0.837378482
orf19.5253,-0.104228545,0.811081101
orf19.7389,-0.104538358,0.922884218
orf19.5815,-0.104876553,0.872167616
orf19.131,-0.105426494,0.787644054
orf19.1325,-0.105624454,0.823825988
orf19.1223,-0.106212036,0.841910241
orf19.3787,-0.106771194,0.826998406
orf19.2146,-0.107840833,0.807119638
orf19.4535,-0.108176938,0.873278877
orf19.4906,-0.108221797,0.770681636
orf19.6477,-0.109473868,0.769296846
orf19.3445,-0.110208184,0.792444924
orf19.4475,-0.112383538,0.798747068
orf19.59,-0.112630257,0.716651682
orf19.895,-0.113497065,0.842489225
orf19.829,-0.114682436,0.855921441
orf19.1857,-0.115354217,0.753392291
orf19.652,-0.115750338,0.800538325
orf19.592,-0.117314895,0.747073478
orf19.3738,-0.118143752,0.82353996
orf19.3981,-0.118716211,0.90030694
orf19.4518,-0.118791564,0.829776902
orf19.273,-0.118801001,0.825480977
orf19.4414,-0.120411513,0.811081101
orf19.3208,-0.120520347,0.80231785
orf19.3606,-0.121252057,0.729453293
orf19.3122,-0.122600313,0.759253745
orf19.3810,-0.122887863,0.727871267
orf19.5234,-0.123469446,0.754288135
orf19.5953,-0.123599258,0.772692106
orf19.4940,-0.123678264,0.8008734
orf19.2401,-0.124131104,0.825912425
orf19.403,-0.124333137,0.770381458
orf19.3449,-0.125231919,0.752739264
orf19.3029,-0.126612018,0.711876651
orf19.7385,-0.126726431,0.848842389
orf19.4022,-0.127074739,0.785841401
orf19.4306,-0.127509891,0.747073478
orf19.2352,-0.128013964,0.823825988
orf19.6138,-0.128307869,0.872167616
orf19.6506,-0.129119224,0.847043675
orf19.7522,-0.129269026,0.783918985
orf19.5592,-0.129277758,0.740653276
orf19.2182,-0.12992219,0.726330203
orf19.3330,-0.130403387,0.797597695
orf19.3325,-0.131363608,0.764888643
orf19.2003,-0.131379185,0.796778807
orf19.7223,-0.132733306,0.797597695
orf19.7002,-0.132941461,0.755836479
orf19.3697,-0.133820567,0.769571288
orf19.4548,-0.134784065,0.770191919
orf19.3113,-0.134838725,0.852096558
orf19.2640,-0.135390922,0.770381458
orf19.6606,-0.139703627,0.836833461
orf19.2838,-0.140622138,0.753392291
orf19.3505,-0.14120849,0.920481525
orf19.5071,-0.143526748,0.720634161
orf19.2674,-0.144717097,0.771610839
orf19.7597,-0.14539845,0.772692106
orf19.1011,-0.14545046,0.825730026
orf19.3930,-0.146395259,0.860441804
orf19.5680,-0.146571732,0.80231785
orf19.1970,-0.148193152,0.693795145
orf19.2113,-0.148752382,0.753392291
orf19.2443,-0.149263092,0.685996852
orf19.2454,-0.149924341,0.681183042
orf19.5352,-0.151523139,0.731925443
orf19.6508,-0.153542285,0.755836479
orf19.4195.1,-0.153798347,0.777989431
orf19.6275,-0.154815161,0.811081101
orf19.5295,-0.156846479,0.692428482
orf19.6643,-0.158416667,0.625593668
orf19.2337,-0.161523524,0.77296812
orf19.3391,-0.161874717,0.713387819
orf19.3083,-0.16195594,0.651063086
orf19.6202,-0.162462886,0.707145179
orf19.1366,-0.164328371,0.753392291
orf19.4904,-0.164979702,0.772692106
orf19.4845,-0.165223871,0.696105096
orf19.719,-0.167035907,0.653415869
orf19.5228,-0.167147587,0.707009207
orf19.5376,-0.168958631,0.787715666
orf19.2703,-0.17053363,0.700628181
orf19.6058,-0.170656943,0.75250178
orf19.3066,-0.171353682,0.701775045
orf19.876,-0.171896522,0.771069666
orf19.2026,-0.174376747,0.687470927
orf19.5713,-0.175198199,0.643230324
orf19.2534,-0.175276746,0.688900636
orf19.4958,-0.175290616,0.693795145
orf19.6877,-0.175588945,0.700738272
orf19.4471,-0.175594748,0.574795808
orf19.2669,-0.176419763,0.625593668
orf19.111,-0.177236934,0.647070095
orf19.1517,-0.177725794,0.816882593
orf19.7479,-0.178294266,0.767691399
orf19.7269,-0.178473365,0.649909928
orf19.2046,-0.178673268,0.545710653
orf19.3920,-0.179262167,0.845366731
orf19.306,-0.180027303,0.634614026
orf19.6951,-0.180521789,0.651814478
orf19.2059,-0.180720947,0.716651682
orf19.6070,-0.181702074,0.551912589
orf19.976,-0.182086177,0.724000331
orf19.5162,-0.182969363,0.583172774
orf19.851,-0.184077817,0.748196604
orf19.6020,-0.184228006,0.564433767
orf19.6224,-0.186216427,0.610288579
orf19.1606,-0.186286461,0.665504436
orf19.4334,-0.186453814,0.770191919
orf19.2133,-0.187722242,0.585264209
orf19.3910,-0.18899414,0.649909928
orf19.3273,-0.189706676,0.642547027
orf19.2281,-0.190153697,0.617151031
orf19.5636,-0.191032557,0.660696531
orf19.4262,-0.191410072,0.597604611
orf19.4639,-0.191548459,0.617350582
orf19.2581,-0.192483409,0.698510863
orf19.5832,-0.193121583,0.742747488
orf19.4366,-0.194931694,0.742032191
orf19.7115,-0.195529513,0.716651682
orf19.7427,-0.197480179,0.658283796
orf19.3047,-0.199248875,0.591006429
orf19.2889,-0.199421486,0.811642927
orf19.5303,-0.202628508,0.660696531
orf19.7676,-0.202960924,0.638232467
orf19.6348,-0.20412756,0.647070095
orf19.972,-0.20434786,0.605811937
orf19.4284,-0.204796392,0.617151031
orf19.1954,-0.204801635,0.583172774
orf19.1832,-0.205096074,0.651063086
orf19.4213,-0.205542117,0.630024688
orf19.6985,-0.206252651,0.520203628
orf19.5103,-0.206439931,0.688900636
orf19.3225,-0.209217172,0.5821285
orf19.6459,-0.209327708,0.536589488
orf19.2992,-0.211313416,0.530405067
orf19.4767,-0.212903408,0.497681697
orf19.7585,-0.214585164,0.879473118
orf19.3482,-0.215034993,0.638307812
orf19.1477,-0.216072925,0.521246508
orf19.4001,-0.216926529,0.768977516
orf19.6382,-0.217040731,0.769571288
orf19.2828,-0.217310549,0.614583678
orf19.3213,-0.218586457,0.617043075
orf19.4294,-0.22099178,0.523299766
orf19.2301,-0.221812929,0.660696531
orf19.2192,-0.223081995,0.595747014
orf19.2930,-0.223136848,0.808392957
orf19.1772,-0.224361217,0.847773768
orf19.4371,-0.22541821,0.520203628
orf19.5160,-0.226467629,0.650020477
orf19.4199,-0.226927566,0.586892016
orf19.5031,-0.227229547,0.592615124
orf19.1404,-0.230472654,0.469178344
orf19.2602,-0.230607465,0.516736447
orf19.7096,-0.230767164,0.513419707
orf19.4546,-0.230886037,0.636647375
orf19.4119,-0.23099684,0.434956456
orf19.2881,-0.232261925,0.742882818
orf19.496,-0.232889955,0.536900868
orf19.1275,-0.23630613,0.676100586
orf19.3112,-0.236434667,0.479558944
orf19.4009,-0.237848603,0.617073267
orf19.136,-0.237925548,0.729086476
orf19.1394,-0.237945168,0.574377342
orf19.3353,-0.241881328,0.783918985
orf19.5634,-0.242467703,0.4994036
orf19.1953,-0.242690279,0.860757886
orf19.4603,-0.245733071,0.960207296
orf19.4955,-0.245735873,0.513419707
orf19.7083,-0.24614964,0.377901139
orf19.2605,-0.246592064,0.526721606
orf19.4525,-0.247306056,0.4571331
orf19.2676,-0.248202467,0.501376156
orf19.1311,-0.249310281,0.465834865
orf19.7614,-0.250933838,0.421808085
orf19.4689,-0.252759017,0.59070562
orf19.345,-0.255073533,0.32052592
orf19.4062,-0.256836418,0.549697388
orf19.3065,-0.256946813,0.428246683
orf19.3928,-0.257592491,0.555552122
orf19.2665,-0.260135658,0.525336562
orf19.6748,-0.260441955,0.450623612
orf19.6707,-0.262083382,0.504326574
orf19.6358,-0.262379069,0.461116971
orf19.1362,-0.263585301,0.537504108
orf19.1763,-0.264130091,0.925314684
orf19.4624,-0.264183681,0.592615124
orf19.4318,-0.264778392,0.474500113
orf19.6492,-0.265812684,0.617970452
orf19.1881,-0.266581049,0.501818747
orf19.2910,-0.26670243,0.597881972
orf19.6225,-0.26890783,0.561730871
orf19.4440,-0.269404589,0.431128146
orf19.6169,-0.271100454,0.411131118
orf19.1822,-0.271160337,0.363339131
orf19.1887,-0.271312098,0.431128146
orf19.5777,-0.273097498,0.617350582
orf19.2160,-0.273829558,0.442002985
orf19.6681,-0.275389271,0.553623623
orf19.4470,-0.275455583,0.42527502
orf19.7036,-0.275475725,0.727485681
orf19.4679,-0.278685629,0.388009522
orf19.5663,-0.278803058,0.417455845
orf19.4011,-0.278981403,0.480115935
orf19.1979,-0.279148669,0.413985914
orf19.7073,-0.279207264,0.411131118
orf19.936,-0.279992049,0.474500113
orf19.4614,-0.280042243,0.471860652
orf19.3395,-0.281249211,0.631138936
orf19.1364,-0.283227675,0.362929387
orf19.847,-0.284421532,0.434451296
orf19.4026,-0.286415682,0.455621444
orf19.240,-0.289255858,0.296581633
orf19.968,-0.289463676,0.464639631
orf19.5291,-0.293193001,0.467031109
orf19.2887,-0.293842306,0.480115935
orf19.7207,-0.294968179,0.564430175
orf19.3840,-0.295471769,0.434915927
orf19.3630,-0.296118053,0.434465157
orf19.789.1,-0.298005618,0.546197999
orf19.2850,-0.298140457,0.651063086
orf19.1445,-0.298184012,0.292399659
orf19.5447,-0.300030708,0.703325458
orf19.7010,-0.304481554,0.32052592
orf19.6297,-0.304628057,0.553413357
orf19.3456,-0.305094529,0.382579437
orf19.2102,-0.305132157,0.291383424
orf19.3308,-0.307011904,0.402188547
orf19.6801,-0.30741896,0.791401932
orf19.4887,-0.310028392,0.485594128
orf19.1156,-0.310470737,0.662134339
orf19.429,-0.310806095,0.346064061
orf19.6756,-0.311362528,0.453371125
orf19.99,-0.313652774,0.510946054
orf19.1300,-0.316001545,0.520203628
orf19.5640,-0.316614995,0.334648497
orf19.2092,-0.317592967,0.442002985
orf19.6874,-0.318342047,0.508663384
orf19.1911,-0.320015309,0.521246508
orf19.3071,-0.323375531,0.528291166
orf19.4240,-0.323578528,0.390050443
orf19.5023,-0.323976175,0.269592938
orf19.4807,-0.326252616,0.458485098
orf19.4658,-0.330132091,0.398536349
orf19.1298,-0.332900451,0.517851883
orf19.897,-0.333371762,0.428246683
orf19.7376,-0.335835821,0.261974603
orf19.2285,-0.337899169,0.836384944
orf19.1509,-0.337970617,0.504991419
orf19.2411,-0.340129659,0.236896603
orf19.4569,-0.346710329,0.300716086
orf19.3226,-0.34687681,0.465834865
orf19.5337,-0.348533869,0.480161507
orf19.3926,-0.351313388,0.649716944
orf19.2570,-0.354622191,0.223229074
orf19.2819,-0.359605157,0.501376156
orf19.7451,-0.362543832,0.364901275
orf19.2290,-0.362947874,0.408718847
orf19.4781,-0.363436197,0.327497212
orf19.3759,-0.363751653,0.469226926
orf19.3799,-0.363877634,0.364047793
orf19.6398,-0.364456339,0.24283527
orf19.4617,-0.366415456,0.248726334
orf19.4975,-0.366831579,0.213774168
orf19.7369,-0.36712694,0.203050352
orf19.2308,-0.368217506,0.2499997
orf19.392,-0.37083416,0.396103861
orf19.5760,-0.372375075,0.223156581
orf19.2008,-0.373567519,0.25691089
orf19.5839,-0.376757722,0.339307952
orf19.4145,-0.377263763,0.712995218
orf19.7436,-0.378758203,0.333786718
orf19.1910,-0.378936916,0.184404361
orf19.5364,-0.379561112,0.394029854
orf19.4833,-0.379827181,0.199102193
orf19.467,-0.379976547,0.351007657
orf19.3298,-0.384476189,0.259323062
orf19.2072,-0.384487115,0.861711127
orf19.3412,-0.386243299,0.339307952
orf19.6230,-0.389106603,0.235107575
orf19.1860.1,-0.391887429,0.134311205
orf19.778,-0.392465271,0.196101943
orf19.1891,-0.394149917,0.167731087
orf19.2583,-0.395735111,0.36114197
orf19.7501,-0.396375163,0.290063259
orf19.1853,-0.397434572,0.339816175
orf19.4091,-0.397556164,0.552968572
orf19.6059,-0.398155821,0.223156581
orf19.1499,-0.398513061,0.407872655
orf19.6064,-0.398653889,0.659134945
orf19.666,-0.398807388,0.363140087
orf19.7038,-0.401312108,0.651063086
orf19.5323,-0.402565993,0.195885734
orf19.4577,-0.40348416,0.364047793
orf19.6180,-0.403503875,0.243747174
orf19.24,-0.403625654,0.286925298
orf19.4866,-0.403697827,0.199102193
orf19.5826,-0.403703021,0.318841777
orf19.5702,-0.404642529,0.139572774
orf19.2991,-0.40482667,0.225799935
orf19.916,-0.404953069,0.234567603
orf19.4381,-0.405610137,0.228725334
orf19.2988,-0.407156924,0.291092392
orf19.350,-0.408852561,0.568920081
orf19.4372,-0.413258467,0.623972539
orf19.5250,-0.41594401,0.216171154
orf19.1773,-0.419130488,0.252254736
orf19.6166,-0.419231974,0.188385059
orf19.6817,-0.421345099,0.354573752
orf19.5869,-0.42160193,0.194531537
orf19.2706,-0.421753511,0.247163861
orf19.583,-0.426121596,0.282964665
orf19.3740,-0.427357378,0.599863943
orf19.6246,-0.429472028,0.143981887
orf19.5270,-0.431109917,0.447818081
orf19.1836,-0.431769046,0.656733609
orf19.2961,-0.435467126,0.201652728
orf19.1069,-0.435939483,0.247118929
orf19.2842,-0.437458516,0.452317464
orf19.7344,-0.439213919,0.605952683
orf19.836,-0.440079718,0.143221515
orf19.28,-0.440677778,0.501165948
orf19.4183,-0.441410097,0.220713927
orf19.2320,-0.442640622,0.213307419
orf19.1239,-0.446799447,0.170783065
orf19.4764,-0.44777378,0.223156581
orf19.4739,-0.457698201,0.363140087
orf19.2385,-0.460202614,0.225919271
orf19.5601,-0.461356287,0.160886975
orf19.445,-0.463227338,0.246945631
orf19.3319,-0.468272436,0.65038118
orf19.7128,-0.479238149,0.183681801
orf19.673,-0.482986142,0.210051008
orf19.5639,-0.486645327,0.334648497
orf19.2564,-0.486950199,0.114488117
orf19.1664,-0.487660879,0.314555538
orf19.3546,-0.488631719,0.053366621
orf19.7053,-0.490990192,0.134311205
orf19.6904,-0.491110721,0.302689933
orf19.3811,-0.491901858,0.176885781
orf19.7140,-0.496019556,0.307527965
orf19.4339,-0.496881467,0.266334603
orf19.26,-0.511607974,0.15933268
orf19.687,-0.514111444,0.045152717
orf19.314,-0.516596114,0.188860857
orf19.956,-0.516967306,0.287609337
orf19.1161,-0.522026209,0.197889031
orf19.7245,-0.52304513,0.211280566
orf19.7319,-0.526780715,0.59674067
orf19.4701,-0.528566065,0.320946163
orf19.2753,-0.529559384,0.25946666
orf19.696,-0.532471318,0.657969582
orf19.4010,-0.534023038,0.269592938
orf19.1249,-0.534671226,0.05590035
orf19.2553,-0.536926267,0.309940405
orf19.927,-0.539505782,0.161467969
orf19.6328,-0.541214551,0.025821061
orf19.5938,-0.541811353,0.312112098
orf19.2939,-0.545416083,0.066607555
orf19.3618,-0.547174115,0.265207528
orf19.470,-0.547430949,0.321255986
orf19.4447,-0.548876667,0.139897666
orf19.1042,-0.552193451,0.067558387
orf19.261,-0.553426572,0.243192787
orf19.5034,-0.553997719,0.138432001
orf19.2738,-0.554833537,0.040280724
orf19.1167,-0.555250787,0.118012325
orf19.4376,-0.555256788,0.228725334
orf19.7320,-0.560753791,0.555552122
orf19.7577,-0.562099413,0.136754372
orf19.5768,-0.566945901,0.099592213
orf19.3646,-0.569513337,0.123667931
orf19.671,-0.570324055,0.239756434
orf19.2309,-0.572414858,0.064623679
orf19.7056,-0.57411068,0.046186681
orf19.5849,-0.576055987,0.130108329
orf19.757,-0.583994719,0.107592877
orf19.2875,-0.584908023,0.051985459
orf19.5919,-0.585043062,0.561730871
orf19.7092,-0.585311168,0.073621743
orf19.216,-0.588938058,0.071724531
orf19.4195,-0.594003289,0.345492763
orf19.7650,-0.595825558,0.284423802
orf19.1721,-0.59982136,0.05790221
orf19.2261,-0.600787264,0.093131853
orf19.1323,-0.608919185,0.029723452
orf19.4759,-0.60943664,0.149642627
orf19.808,-0.609974741,0.101233363
orf19.7044,-0.610903294,0.30531511
orf19.7594,-0.619346933,0.112839766
orf19.3751,-0.620744034,0.037151781
orf19.3558,-0.623212511,0.038093355
orf19.4186,-0.630428684,0.023233497
orf19.6016,-0.631263757,0.120000994
orf19.3792,-0.632507591,0.030456885
orf19.242.2,-0.636252818,0.131691572
orf19.2378,-0.63835783,0.11662309
orf19.1053,-0.638987833,0.364901275
orf19.1797,-0.639903971,0.145733905
orf19.4056,-0.64276725,0.023709448
orf19.1760,-0.644094828,0.165216176
orf19.5406,-0.644557475,0.164209291
orf19.4210,-0.645846931,0.033424615
orf19.3124,-0.64983508,0.066269442
orf19.681,-0.651450824,0.204016677
orf19.3204,-0.652047331,0.028445595
orf19.1287,-0.656071382,0.01822822
orf19.1333,-0.667444859,0.132947631
orf19.2462,-0.671958852,0.318378801
orf19.2954,-0.672331831,0.056655545
orf19.2384,-0.67437154,0.15656647
orf19.728,-0.678171934,0.033007315
orf19.3765,-0.698568866,0.080870346
orf19.6287,-0.701887057,0.120630236
orf19.1671,-0.703719152,0.107922161
orf19.2264,-0.706365812,0.020853982
orf19.1702,-0.710939943,0.153492162
orf19.3921,-0.715812452,0.075072868
orf19.1204,-0.716167427,0.00735616
orf19.233.1,-0.720381149,0.100275347
orf19.6146,-0.725562772,0.011460788
orf19.1658,-0.726003567,0.016551936
orf19.6705,-0.728216301,0.016694912
orf19.4506,-0.729973432,0.160886975
orf19.3964,-0.73450532,0.025877755
orf19.1112,-0.738379199,0.01822822
orf19.4519,-0.739312836,0.127979409
orf19.1051,-0.740550231,0.249359207
orf19.1973,-0.742828051,0.041837258
orf19.4629,-0.743485791,0.025994878
orf19.1648,-0.747497755,0.029880683
orf19.1155,-0.748928637,0.023077029
orf19.351,-0.757023023,0.046640145
orf19.7401,-0.761873362,0.032899117
orf19.5350,-0.762874795,0.021582958
orf19.3624,-0.76583679,0.033424615
orf19.7065,-0.774317583,0.022105219
orf19.1795,-0.778566982,0.006813065
orf19.2347,-0.780374776,0.00799509
orf19.3611,-0.794958917,0.108648894
orf19.4779,-0.7962056,0.020166112
orf19.3777,-0.804348912,0.044555675
orf19.4064,-0.812031392,0.025568072
orf19.3607,-0.815107568,0.091229258
orf19.4502,-0.816897174,0.020166112
orf19.2529,-0.8190328,0.007536546
orf19.3526,-0.820021387,0.010607552
orf19.4844,-0.821267298,0.058103477
orf19.2655,-0.823112223,0.013795388
orf19.5971,-0.824237907,0.01560288
orf19.1382,-0.82761832,0.014376379
orf19.6071,-0.828153148,0.034922214
orf19.3481,-0.835470524,0.001722155
orf19.7568,-0.840898722,0.141812104
orf19.6885,-0.847070755,0.043712086
orf19.3533,-0.848487229,0.028232577
orf19.6981,-0.848571463,0.009303463
orf19.4324,-0.852105287,0.031377557
orf19.814,-0.853234146,0.169471026
orf19.2941,-0.858103543,0.007021446
orf19.3428,-0.859065046,0.011053526
orf19.6498,-0.85928841,0.08160857
orf19.2601,-0.872094985,0.662134339
orf19.3763,-0.872285622,0.009796077
orf19.6133,-0.879917204,0.282683104
orf19.3471,-0.884585959,0.034922214
orf19.4939,-0.900402011,0.165387453
orf19.2538,-0.904441258,0.012723826
orf19.2956,-0.906569881,0.037627718
orf19.1439,-0.90735604,0.015895297
orf19.3340,-0.907370414,0.017485617
orf19.1872,-0.910009459,0.002974024
orf19.1468,-0.911862659,0.005199556
orf19.2266,-0.913189529,0.355130234
orf19.1981,-0.917460633,0.052032855
orf19.5558,-0.922309407,0.120630236
orf19.3991,-0.928967841,0.001512931
orf19.5908,-0.933274116,0.002284021
orf19.2045,-0.942004068,0.006180598
orf19.568,-0.949033644,0.001402247
orf19.4961,-0.962373698,0.132808378
orf19.5994,-0.969357973,0.198722095
orf19.3106,-0.973986471,0.010607552
orf19.234,-0.974208567,0.012839541
orf19.5576,-0.980231095,0.006441353
orf19.6068,-0.983868471,0.003050814
orf19.6719,-0.985707828,0.129554556
orf19.5818,-0.989360509,0.045650548
orf19.2333,-0.991679872,0.008336847
orf19.478,-0.993657074,0.010881235
orf19.1682,-0.993686367,0.001970957
orf19.2973,-1.000083551,0.002668106
orf19.2983,-1.000663071,0.024739774
orf19.1675,-1.000728298,0.003612217
orf19.4308,-1.014115475,0.039472041
orf19.3205,-1.014908343,0.023549857
orf19.6887,-1.015085607,0.007738833
orf19.2031,-1.018280802,0.013759184
orf19.3290,-1.023013514,0.007550767
orf19.5550,-1.024409388,0.005107622
orf19.7478,-1.024743861,0.01499154
orf19.5662,-1.025765438,0.011122943
orf19.789,-1.02831477,0.056445957
orf19.2245,-1.032738089,0.000235073
orf19.4758,-1.033764395,0.005430675
orf19.6794,-1.041370207,0.023709448
orf19.3010,-1.051543897,0.008660836
orf19.7355,-1.051561181,0.201658131
orf19.4721,-1.059035012,0.005702411
orf19.5206,-1.063506035,0.010783654
orf19.3581,-1.081943447,0.007015253
orf19.4985,-1.099355014,0.028985578
orf19.102,-1.111042583,0.004873803
orf19.1957,-1.116337874,0.149605434
orf19.7613,-1.117546068,0.007458664
orf19.3788,-1.117941009,0.016292337
orf19.5789,-1.124034621,0.015831602
orf19.6736,-1.125548335,0.028983424
orf19.5437,-1.13628775,2.50E-05
orf19.506,-1.147586538,0.044555675
orf19.5411,-1.150437319,0.002479424
orf19.6035,-1.172534613,0.015307782
orf19.2934,-1.172609177,0.005430557
orf19.1940,-1.172712295,0.000133136
orf19.3542,-1.175257973,0.002626647
orf19.7412,-1.175557043,0.006813065
orf19.4766,-1.18089246,0.000350957
orf19.5459,-1.181622022,0.000114686
orf19.2167,-1.189669132,0.000202153
orf19.4755,-1.213534406,0.026938932
orf19.1462,-1.222510034,0.000235973
orf19.331,-1.233537642,0.000359406
orf19.3613,-1.241388973,3.63E-05
orf19.7254,-1.266397,0.001810039
orf19.6863,-1.27370795,7.56E-05
orf19.5369,-1.276140671,0.00473752
orf19.6531,-1.282099712,0.013759184
orf19.1619,-1.283966882,0.008130731
orf19.2984,-1.288778914,0.000351662
orf19.3764,-1.289791642,0.000262385
orf19.4967,-1.296790732,0.003215443
orf19.1662,-1.307946271,0.025821061
orf19.5595,-1.318665274,0.064598383
orf19.1734,-1.328650614,0.002742509
orf19.414,-1.337265217,0.000666316
orf19.1871,-1.350881994,0.002742543
orf19.6915,-1.352471617,0.001202271
orf19.5645,-1.356049943,0.002406716
orf19.2909,-1.37876946,0.000140374
orf19.3357,-1.411245545,0.000470904
orf19.171,-1.469503265,0.000266155
orf19.1480,-1.469757761,0.000567217
orf19.6364,-1.472696357,0.000351451
orf19.4252,-1.488642883,0.000899771
orf19.330.1,-1.490083797,0.002023122
orf19.3207,-1.511919424,0.005034848
orf19.4929,-1.524466823,0.005300801
orf19.6448,-1.553201168,0.000180555
orf19.2387,-1.560121027,0.000499593
orf19.2644,-1.567546726,0.001415766
orf19.2415,-1.567580645,0.00215648
orf19.6011,-1.591701677,5.37E-06
orf19.6789,-1.606971214,0.000605724
orf19.6416,-1.613958685,1.26E-05
orf19.3950,-1.6268032,0.000222149
orf19.2785,-1.643229393,0.000103066
orf19.7088,-1.649801407,0.000287748
orf19.4123,-1.674306694,0.000626376
orf19.2678,-1.695176874,0.000811928
orf19.4231,-1.705110628,2.78E-06
orf19.2987,-1.721226333,3.47E-05
orf19.4754,-1.72487575,0.000163419
orf19.4016,-1.731559697,0.001100595
orf19.6930,-1.737460043,0.000333852
orf19.3480,-1.750302683,1.56E-05
orf19.3399,-1.775375137,7.46E-05
orf19.4529,-1.792976066,9.36E-05
orf19.4605,-1.80685118,0.000321917
orf19.3838,-1.807091641,3.22E-05
orf19.5629,-1.830129087,1.13E-06
orf19.6866,-1.858246572,0.004618068
orf19.6829,-1.862923676,0.000635386
orf19.1096,-1.866804248,0.068217626
orf19.6533,-1.872451501,6.57E-06
orf19.7572,-1.875313435,0.162531512
orf19.548,-1.886453976,4.87E-06
orf19.6444,-1.888214641,7.09E-06
orf19.2520,-1.899826237,3.31E-05
orf19.5061,-1.919107546,2.68E-06
orf19.4297,-1.945151587,1.97E-05
orf19.6634,-1.966634041,8.32E-06
orf19.4299,-1.974502464,0.000371169
orf19.4725,-1.979289927,0.005940565
orf19.578,-1.999837016,0.368863125
orf19.3823,-2.0007685,5.22E-05
orf19.2439,-2.003865883,0.000145101
orf19.1012,-2.026268132,1.65E-05
orf19.3010.1,-2.036116584,3.39E-05
orf19.7446,-2.041515892,0.00473039
orf19.3700,-2.047354498,0.0003625
orf19.5772,-2.053784559,1.52E-05
orf19.898,-2.054327428,0.000122318
orf19.7219,-2.065752531,0.107942238
orf19.1666,-2.130141511,6.87E-05
orf19.5004,-2.16584085,3.64E-07
orf19.5133,-2.19461165,9.95E-07
orf19.168,-2.196451349,6.29E-06
orf19.6738,-2.201843381,0.518144013
orf19.4853,-2.275045395,0.000351451
orf19.2803,-2.27527222,1.56E-05
orf19.3463,-2.302732431,3.53E-06
orf19.7001,-2.310829369,0.00021316
orf19.2185,-2.343783146,5.58E-06
orf19.5751,-2.41224554,5.34E-05
orf19.3023,-2.426012129,0.000474542
orf19.2709,-2.438422013,8.02E-05
orf19.2767,-2.439836855,0.000173442
orf19.7611,-2.456683167,0.000971209
orf19.3127,-2.461463389,4.07E-05
orf19.6094,-2.461672482,1.56E-05
orf19.1285,-2.471678143,0.02291413
orf19.250,-2.554949737,3.78E-06
orf19.2639,-2.566392563,3.46E-05
orf19.1063,-2.59320128,1.30E-05
orf19.2852,-2.604602667,0.000202067
orf19.4932,-2.624522324,0.001150648
orf19.4204,-2.646466609,3.92E-07
orf19.6752,-2.716706277,9.71E-07
orf19.2236,-2.762630744,3.90E-05
orf19.5934,-2.769570587,1.49E-06
orf19.2844,-2.789835336,5.21E-05
orf19.3321,-2.792255126,0.000491324
orf19.5747,-2.848143753,3.61E-06
orf19.4112,-2.848212561,0.651063086
orf19.7179,-2.848557209,0.001744416
orf19.6846,-2.860401771,2.36E-05
orf19.397,-2.873256669,4.76E-05
orf19.3468,-2.880675432,5.34E-08
orf19.2416.1,-2.92294074,1.08E-05
orf19.1936,-2.941338041,2.03E-06
orf19.494,-3.00515606,7.55E-08
orf19.2510,-3.027353827,0.000117104
orf19.25,-3.034458274,2.04E-06
orf19.4410,-3.071161979,7.69E-07
orf19.1220,-3.073661092,1.09E-08
orf19.4301,-3.091017409,0.001738984
orf19.7571,-3.159935652,1.60E-05
orf19.7298,-3.169983994,0.070578805
orf19.6900,-3.195822319,3.94E-08
orf19.4836,-3.210170589,7.62E-06
orf19.7337,-3.254608758,0.018590191
orf19.3170,-3.299563838,3.79E-08
orf19.1055,-3.306875186,8.67E-07
orf19.6081,-3.314303893,1.75E-09
orf19.1422,-3.36776079,3.79E-08
orf19.6778,-3.408421026,3.39E-05
orf19.6045,-3.440210117,5.64E-06
orf19.6165,-3.450046208,3.54E-05
orf19.6804,-3.494408738,7.56E-05
orf19.4106,-3.497216864,1.49E-06
orf19.1967,-3.537915108,5.09E-06
orf19.3203,-3.548948753,9.21E-07
orf19.3957,-3.550871928,1.16E-05
orf19.5161,-3.55186125,6.43E-05
orf19.58,-3.569584135,3.93E-10
orf19.498,-3.579547124,6.36E-08
orf19.1993,-3.631709846,0.000524817
orf19.3415,-3.659348143,6.97E-06
orf19.1119,-3.67207155,2.85E-09
orf19.5214,-3.703666215,3.09E-08
orf19.3938,-3.715172517,5.91E-08
orf19.585,-3.71780838,3.36E-05
orf19.738,-3.720051051,4.88E-06
orf19.6385,-3.758993427,1.88E-06
orf19.7567,-3.791530524,0.000304393
orf19.56,-3.792155325,2.35E-05
orf19.2690,-3.800909888,3.92E-07
orf19.6538,-3.81339831,4.73E-09
orf19.3038,-3.822022568,3.04E-06
orf19.863,-3.841447676,2.86E-07
orf19.6129,-3.844061209,3.66E-07
orf19.481,-3.856719527,9.84E-06
orf19.4909,-3.859429981,0.000465334
orf19.1545,-3.867137026,4.52E-06
orf19.5865,-3.897202074,2.02E-09
orf19.1367,-3.902133487,1.11E-07
orf19.2782,-3.91845047,1.28E-09
orf19.318,-3.932166369,9.02E-06
orf19.1526,-3.932662521,4.88E-06
orf19.2921,-3.935158588,0.000312242
orf19.5171,-3.942525383,2.88E-05
orf19.2438,-3.950259868,1.68E-07
orf19.5294,-3.959097852,2.38E-07
orf19.7391,-3.984948768,6.78E-07
orf19.6779,-4.007365776,0.000648701
orf19.5989,-4.00996526,9.27E-09
orf19.4650,-4.03115666,5.34E-08
orf19.1585,-4.033213793,0.000363302
orf19.4176,-4.058615828,3.69E-06
orf19.3545,-4.060395684,4.85E-07
orf19.1224,-4.078496233,0.050620025
orf19.3952,-4.099648814,4.83E-07
orf19.7635,-4.154890374,9.55E-05
orf19.4342,-4.20548701,5.16E-07
orf19.5064,-4.207112771,1.46E-06
orf19.7486,-4.311975488,4.40E-07
orf19.5610,-4.312146249,4.07E-05
orf19.3367,-4.332765862,1.28E-05
orf19.3559,-4.336882197,1.49E-06
orf19.2166,-4.343625544,1.90E-07
orf19.7638,-4.370834058,6.86E-05
orf19.2444,-4.376478881,3.48E-06
orf19.2563,-4.426176813,3.93E-06
orf19.3348,-4.451943769,9.17E-07
orf19.1977,-4.45711046,2.20E-06
orf19.3532,-4.457608508,9.79E-06
orf19.3022,-4.465864847,2.40E-09
orf19.2019,-4.469727432,1.72E-07
orf19.2998,-4.494654834,1.42E-06
orf19.7201,-4.503080878,3.60E-08
orf19.2214,-4.51914489,1.87E-06
orf19.4594,-4.530301912,2.47E-05
orf19.6561,-4.535575907,1.15E-07
orf19.5838,-4.571080693,8.48E-07
orf19.1233,-4.629656945,2.82E-08
orf19.1170,-4.661817669,1.25E-08
orf19.831,-4.672284962,8.80E-08
orf19.4187,-4.760023429,4.34E-07
orf19.2977,-4.770657768,5.05E-07
orf19.1966,-4.774125707,1.34E-07
orf19.4341,-4.777062097,6.36E-09
orf19.3247,-4.81051693,3.59E-05
orf19.4813,-4.811380311,4.39E-05
orf19.4830,-4.821891193,1.40E-06
orf19.5015,-4.839602942,8.57E-07
orf19.2478.1,-4.853901747,6.77E-07
orf19.169,-4.862356216,6.19E-07
orf19.3064,-4.905752852,5.34E-08
orf19.947,-4.923712876,4.06E-07
orf19.658,-4.942182771,6.36E-09
orf19.3715,-5.021748705,3.24E-07
orf19.4290,-5.025128174,6.06E-08
orf19.606,-5.0415024,0.01024497
orf19.4517,-5.061765762,6.66E-07
orf19.6548,-5.105921168,3.76E-06
orf19.4208,-5.130732124,2.88E-09
orf19.953.1,-5.133261635,1.19E-08
orf19.1555,-5.174776418,2.49E-08
orf19.3911,-5.20534978,3.86E-08
orf19.4885,-5.292455294,8.90E-07
orf19.3037,-5.295107607,1.18E-05
orf19.2951,-5.309680432,2.37E-08
orf19.2877,-5.32342566,3.57E-06
orf19.2070,-5.354037319,6.36E-09
orf19.6813,-5.362651497,2.20E-09
orf19.6057,-5.390514241,3.40E-08
orf19.2876,-5.401975352,1.02E-08
orf19.6034,-5.407397519,3.61E-06
orf19.6875,-5.415061667,1.14E-10
orf19.2303,-5.46886841,5.16E-07
orf19.2555,-5.537327174,4.29E-07
orf19.1934,-5.539293007,1.49E-06
orf19.1453,-5.543330162,1.25E-08
orf19.1792,-5.589218875,2.49E-08
orf19.1826,-5.58940874,2.62E-07
orf19.7466,-5.592722255,1.90E-06
orf19.1849,-5.610116454,3.11E-08
orf19.7604,-5.611281456,0.015843852
orf19.6511,-5.687706978,1.10E-07
orf19.4040,-5.693133627,3.65E-05
orf19.2929,-5.69837462,1.61E-08
orf19.2055,-5.707887494,1.76E-08
orf19.5657,-5.750486929,1.48E-05
orf19.4283,-5.751126573,2.33E-07
orf19.1548,-5.810269709,1.04E-05
orf19.5053,-5.817639482,2.57E-06
orf19.4837,-5.847947563,2.98E-07
orf19.6851,-5.870997485,6.37E-09
orf19.3870,-5.88357204,4.72E-08
orf19.1559,-5.888256398,5.27E-07
orf19.4441,-5.903142687,1.76E-07
orf19.1866,-5.95812265,9.17E-08
orf19.4152,-5.970856762,0.005036949
orf19.5788,-5.973535534,0.000787597
orf19.955,-5.975485395,1.58E-06
orf19.1250,-6.003319325,1.90E-10
orf19.5735,-6.046938234,2.11E-05
orf19.1111,-6.053622631,1.64E-09
orf19.5297,-6.059991188,6.36E-09
orf19.395,-6.1200884,2.97E-06
orf19.5607,-6.120601879,4.78E-07
orf19.6127,-6.124289329,2.55E-08
orf19.5117,-6.144043813,1.95E-09
orf19.3609,-6.153578162,3.92E-07
orf19.663,-6.164245295,2.85E-07
orf19.4051,-6.261826526,7.09E-06
orf19.6010.1,-6.309778714,5.28E-10
orf19.4809,-6.32396346,5.03E-08
orf19.657,-6.354313667,1.65E-07
orf19.1484,-6.450724036,5.16E-07
orf19.3177,-6.45784772,9.83E-09
orf19.3465,-6.464741561,5.69E-10
orf19.5463,-6.488587387,2.37E-08
orf19.1084,-6.494107153,6.36E-09
orf19.5263,-6.506399276,2.02E-07
orf19.3575,-6.600734241,2.40E-09
orf19.667.1,-6.610133926,5.35E-06
orf19.5521,-6.675286407,1.73E-07
orf19.721,-6.767123652,5.31E-08
orf19.2112,-6.767906364,9.27E-07
orf19.2090,-6.775383855,5.31E-08
orf19.7484,-6.81723766,5.77E-11
orf19.1923,-6.838377108,2.93E-06
orf19.390,-6.905216233,1.61E-08
orf19.5906,-6.914905241,1.12E-07
orf19.3324,-6.917523551,7.64E-08
orf19.1336,-7.007419009,5.22E-08
orf19.2964,-7.059210329,7.96E-07
orf19.4718,-7.072164967,5.34E-08
orf19.2618,-7.098849935,3.48E-05
orf19.4375.1,-7.101704065,9.47E-08
orf19.2117,-7.151185531,3.92E-07
orf19.1949,-7.16827797,3.67E-09
orf19.2935,-7.171332454,6.36E-09
orf19.144,-7.186893409,1.18E-07
orf19.5416,-7.193107872,8.21E-07
orf19.1661,-7.200458706,2.16E-09
orf19.6988,-7.212205162,5.34E-08
orf19.4808,-7.21907246,1.71E-07
orf19.4193.1,-7.22373077,2.78E-10
orf19.5949,-7.235391953,6.43E-10
orf19.3002,-7.248574235,3.49E-10
orf19.2485,-7.251682952,1.24E-07
orf19.3846,-7.304783035,5.69E-10
orf19.906,-7.32747399,1.72E-06
orf19.3086,-7.336689116,4.85E-07
orf19.3099,-7.34338348,1.19E-09
orf19.6155,-7.353034039,7.11E-07
orf19.1988,-7.378667223,2.38E-08
orf19.2827,-7.39292,4.83E-11
orf19.3415.1,-7.402363537,1.19E-10
orf19.1528,-7.455528016,6.36E-09
orf19.5964,-7.459426943,3.34E-10
orf19.1575,-7.460122073,2.40E-09
orf19.2330,-7.472588321,2.45E-09
orf19.1986,-7.475314497,1.26E-07
orf19.1444,-7.480970073,7.54E-09
orf19.4136,-7.484449407,6.36E-09
orf19.2994.1,-7.489333834,3.87E-08
orf19.2600,-7.493741349,2.37E-08
orf19.5243,-7.495125057,6.37E-09
orf19.4882,-7.504109357,3.11E-08
orf19.1235,-7.504590785,1.63E-06
orf19.6041,-7.516881847,2.13E-08
orf19.7011,-7.525704193,2.39E-09
orf19.6886,-7.532093564,6.36E-09
orf19.4827,-7.532751749,1.19E-08
orf19.4230,-7.54453888,5.95E-07
orf19.3240,-7.54795771,1.70E-08
orf19.6193,-7.548156708,2.68E-08
orf19.4413,-7.554707719,2.81E-07
orf19.4704,-7.561736906,2.74E-10
orf19.6882.1,-7.568730501,1.19E-08
orf19.3295,-7.574356394,1.63E-09
orf19.3941,-7.593560345,1.46E-07
orf19.4003,-7.659387639,2.45E-09
orf19.2551,-7.707099336,6.95E-08
orf19.2329.1,-7.715406049,3.24E-07
orf19.4930,-7.728770181,1.73E-08
orf19.4788,-7.73294922,3.24E-07
orf19.7217,-7.739371813,7.19E-10
orf19.3003.1,-7.741241028,5.78E-09
orf19.2755,-7.773763557,3.66E-07
orf19.3942.1,-7.77628838,1.47E-09
orf19.5996.1,-7.77644454,5.03E-08
orf19.2298,-7.784007721,2.16E-09
orf19.6991,-7.784224975,6.43E-10
orf19.5440,-7.815277946,1.18E-08
orf19.4675,-7.846631435,5.34E-08
orf19.7161,-7.856589502,1.49E-06
orf19.3174,-7.867606025,1.47E-08
orf19.2857,-7.894539642,1.23E-07
orf19.7292,-7.917262185,6.60E-09
orf19.6515,-7.925819557,9.61E-11
orf19.3356,-7.959475214,6.66E-10
orf19.7048.1,-7.972542029,9.61E-11
orf19.978,-8.015772602,3.63E-08
orf19.6975,-8.024608506,3.12E-12
orf19.4705,-8.033794765,3.99E-09
orf19.5229,-8.046012783,3.66E-07
orf19.7018,-8.067012356,3.12E-12
orf19.4909.1,-8.06921834,1.22E-09
orf19.4326,-8.084495003,1.74E-07
orf19.1446,-8.099288661,9.22E-09
orf19.6582,-8.151604529,1.64E-09
orf19.2970,-8.168868895,6.36E-09
orf19.3788.1,-8.230857255,6.37E-08
orf19.2862,-8.256852196,9.03E-09
orf19.121,-8.258113952,5.34E-08
orf19.7046,-8.26536756,5.67E-08
orf19.2622,-8.291496055,5.78E-08
orf19.4233,-8.300451343,2.20E-07
orf19.117,-8.306520761,1.19E-10
orf19.923,-8.377167297,4.13E-09
orf19.6537,-8.426467462,5.62E-09
orf19.406,-8.565460533,3.67E-09
orf19.979,-8.657580424,2.51E-10
orf19.6029,-8.735129252,2.81E-11
orf19.3462,-8.833681827,1.03E-07
orf19.3126,-8.847126124,1.42E-09
orf19.4236,-8.935556499,9.31E-09
orf19.4473,-9.013158117,1.64E-11